id,display_name,works_count,h_index,country_code,works_api_url
A5101890757,Nan Feng,120,20,CN,https://api.openalex.org/works?filter=author.id:A5101890757
A5032499168,Xiaoyu Qi,88,12,CN,https://api.openalex.org/works?filter=author.id:A5032499168
A5080267104,Genki Ichinose,84,17,JP,https://api.openalex.org/works?filter=author.id:A5080267104
A5111667138,Laura E. Nelson,20,12,US,https://api.openalex.org/works?filter=author.id:A5111667138
A5100786203,Minsuk Kim,97,16,KR,https://api.openalex.org/works?filter=author.id:A5100786203
A5000013234,Valerii Chirkov,6,3,DE,https://api.openalex.org/works?filter=author.id:A5000013234
A5075527094,Luca Verginer,39,7,CH,https://api.openalex.org/works?filter=author.id:A5075527094
A5101799446,Toru Takahashi,385,44,JP,https://api.openalex.org/works?filter=author.id:A5101799446
A5059645286,Robert West,2611,130,NL,https://api.openalex.org/works?filter=author.id:A5059645286
A5012197691,Susumu Nagayama,5,5,JP,https://api.openalex.org/works?filter=author.id:A5012197691
A5078906245,Antonio Longa,33,7,IT,https://api.openalex.org/works?filter=author.id:A5078906245
A5040820784,Afsaneh Razi,49,14,US,https://api.openalex.org/works?filter=author.id:A5040820784
A5071794190,Yulin Yu,23,11,CN,https://api.openalex.org/works?filter=author.id:A5071794190
A5061483468,Carsten Jung,22,7,GB,https://api.openalex.org/works?filter=author.id:A5061483468
A5085986638,Tiago Ventura,52,9,US,https://api.openalex.org/works?filter=author.id:A5085986638
A5061723972,Federico Zimmerman,1,1,AR,https://api.openalex.org/works?filter=author.id:A5061723972
A5074054039,Duc Quang Tran,52,9,US,https://api.openalex.org/works?filter=author.id:A5074054039
A5069939742,Zakir Durumeric,91,27,US,https://api.openalex.org/works?filter=author.id:A5069939742
A5066924384,Zening Duan,8,5,US,https://api.openalex.org/works?filter=author.id:A5066924384
A5023405697,Sangpil Youm,4,2,US,https://api.openalex.org/works?filter=author.id:A5023405697
A5054311085,Hend Alrasheed,35,10,SA,https://api.openalex.org/works?filter=author.id:A5054311085
A5005672438,Marianne Aubin Le Quere,3,1,US,https://api.openalex.org/works?filter=author.id:A5005672438
A5093136192,Oğuz Gürerk,6,1,TR,https://api.openalex.org/works?filter=author.id:A5093136192
A5100669855,Yilun Liu,201,36,CN,https://api.openalex.org/works?filter=author.id:A5100669855
A5064171835,Mathias Wullum Nielsen,63,22,DK,https://api.openalex.org/works?filter=author.id:A5064171835
A5030571651,Jürgen Pfeffer,183,26,DE,https://api.openalex.org/works?filter=author.id:A5030571651
A5090252428,Anastasia Kuzminykh,49,8,CA,https://api.openalex.org/works?filter=author.id:A5090252428
A5063166187,Sam G. B. Roberts,76,22,GB,https://api.openalex.org/works?filter=author.id:A5063166187
A5084955495,Jisun An,175,30,US,https://api.openalex.org/works?filter=author.id:A5084955495
A5058226478,Honglin Bao,12,4,US,https://api.openalex.org/works?filter=author.id:A5058226478
A5066048702,Stefano Balietti,39,14,DE,https://api.openalex.org/works?filter=author.id:A5066048702
A5085580030,Zhuoyu Shi,1,1,GB,https://api.openalex.org/works?filter=author.id:A5085580030
A5056583184,Giovanni Luca Ciampaglia,78,22,US,https://api.openalex.org/works?filter=author.id:A5056583184
A5075447958,Siyun Gan,5,2,CN,https://api.openalex.org/works?filter=author.id:A5075447958
A5066089123,Byungkyu Lee,186,13,US,https://api.openalex.org/works?filter=author.id:A5066089123
A5065811299,Stef M. Shuster,37,10,US,https://api.openalex.org/works?filter=author.id:A5065811299
A5102415619,Ahana Bhattacharya,8,4,IN,https://api.openalex.org/works?filter=author.id:A5102415619
A5046126345,David Jurgens,193,35,US,https://api.openalex.org/works?filter=author.id:A5046126345
A5075585231,Samuel P. Fraiberger,50,14,US,https://api.openalex.org/works?filter=author.id:A5075585231
A5073006299,Xizhao Wang,522,59,CN,https://api.openalex.org/works?filter=author.id:A5073006299
A5002034958,Christopher M. Danforth,209,33,US,https://api.openalex.org/works?filter=author.id:A5002034958
A5045620226,Abigail Z. Jacobs,39,11,US,https://api.openalex.org/works?filter=author.id:A5045620226
A5040821714,Dongyeop Kang,159,17,US,https://api.openalex.org/works?filter=author.id:A5040821714
A5054707908,David Rothschild,223,26,US,https://api.openalex.org/works?filter=author.id:A5054707908
A5062199735,Lavinia Dunagan,10,4,US,https://api.openalex.org/works?filter=author.id:A5062199735
A5070072188,Saumya Tripathi,15,4,US,https://api.openalex.org/works?filter=author.id:A5070072188
A5063612283,Segun Taofeek Aroyehun,28,7,DE,https://api.openalex.org/works?filter=author.id:A5063612283
A5042539788,Tom R. Leppard,8,2,US,https://api.openalex.org/works?filter=author.id:A5042539788
A5100600513,Pu Yan,41,25,CN,https://api.openalex.org/works?filter=author.id:A5100600513
A5066476974,Seoul Lee,114,20,KR,https://api.openalex.org/works?filter=author.id:A5066476974
A5100746010,Yixuan Liu,218,29,CN,https://api.openalex.org/works?filter=author.id:A5100746010
A5018964666,Lanu Kim,21,6,KR,https://api.openalex.org/works?filter=author.id:A5018964666
A5033831688,Alberto Acerbi,163,29,IT,https://api.openalex.org/works?filter=author.id:A5033831688
A5067139014,Yan Jiang,673,65,CN,https://api.openalex.org/works?filter=author.id:A5067139014
A5090329397,Zhuangyuan Fan,15,8,HK,https://api.openalex.org/works?filter=author.id:A5090329397
A5102733770,Anna Seo Gyeong Choi,6,2,US,https://api.openalex.org/works?filter=author.id:A5102733770
A5110796687,Mizuki Sakai,20,12,JP,https://api.openalex.org/works?filter=author.id:A5110796687
A5102448448,Tianyu Du,84,19,CN,https://api.openalex.org/works?filter=author.id:A5102448448
A5082353608,Christian Zingg,7,4,CH,https://api.openalex.org/works?filter=author.id:A5082353608
A5019453094,Shira Dvir-Gvirsman,65,22,IL,https://api.openalex.org/works?filter=author.id:A5019453094
A5060246267,Yunya Song,79,14,HK,https://api.openalex.org/works?filter=author.id:A5060246267
A5049634383,Kristina Lerman,1944,58,US,https://api.openalex.org/works?filter=author.id:A5049634383
A5052076681,Yilun Xu,64,18,SG,https://api.openalex.org/works?filter=author.id:A5052076681
A5031702972,Hugo Subtil,4,1,US,https://api.openalex.org/works?filter=author.id:A5031702972
A5011973581,Benjamin C. Kennedy,117,23,US,https://api.openalex.org/works?filter=author.id:A5011973581
A5110702582,Sidney Redner,117,22,US,https://api.openalex.org/works?filter=author.id:A5110702582
A5071422618,Markus Strohmaier,348,38,DE,https://api.openalex.org/works?filter=author.id:A5071422618
A5100444190,Yichi Zhang,109,29,CN,https://api.openalex.org/works?filter=author.id:A5100444190
A5081990518,Megan Brown,38,13,US,https://api.openalex.org/works?filter=author.id:A5081990518
A5101925935,Arunas Radzvilavicius,21,5,NO,https://api.openalex.org/works?filter=author.id:A5101925935
A5011779415,Regina Ruane,12,4,US,https://api.openalex.org/works?filter=author.id:A5011779415
A5068008545,Jessica Hullman,147,30,US,https://api.openalex.org/works?filter=author.id:A5068008545
A5040651832,Daniel Putman,43,10,US,https://api.openalex.org/works?filter=author.id:A5040651832
A5003963130,Bao-Tran Truong,10,6,,https://api.openalex.org/works?filter=author.id:A5003963130
A5011833635,Shaz Furniturewala,14,1,IN,https://api.openalex.org/works?filter=author.id:A5011833635
A5045356775,Asmeret Naugle,52,5,US,https://api.openalex.org/works?filter=author.id:A5045356775
A5011126050,Makoto Mizuno,265,35,JP,https://api.openalex.org/works?filter=author.id:A5011126050
A5035739105,Ben Rochford,3,1,US,https://api.openalex.org/works?filter=author.id:A5035739105
A5097398930,Sean Noh,6,0,GB,https://api.openalex.org/works?filter=author.id:A5097398930
A5072046918,Joshua A. Tucker,407,57,US,https://api.openalex.org/works?filter=author.id:A5072046918
A5069791094,Milena Tsvetkova,68,12,GB,https://api.openalex.org/works?filter=author.id:A5069791094
A5102780534,Sarah Valdez,145,10,AE,https://api.openalex.org/works?filter=author.id:A5102780534
A5057537114,Le He,296,52,CN,https://api.openalex.org/works?filter=author.id:A5057537114
A5052911565,Ruben C. Arslan,59,18,DE,https://api.openalex.org/works?filter=author.id:A5052911565
A5101935363,Zhengyu Shi,57,10,CN,https://api.openalex.org/works?filter=author.id:A5101935363
A5071615041,Dora Zhao,15,5,US,https://api.openalex.org/works?filter=author.id:A5071615041
A5061923992,Haewoon Kwak,207,38,US,https://api.openalex.org/works?filter=author.id:A5061923992
A5051193196,Aritra Dasgupta,68,17,US,https://api.openalex.org/works?filter=author.id:A5051193196
A5035190493,Chaeeun Han,2,1,US,https://api.openalex.org/works?filter=author.id:A5035190493
A5024378198,Shreya Havaldar,21,8,US,https://api.openalex.org/works?filter=author.id:A5024378198
A5100650085,Qi Yang,454,88,CN,https://api.openalex.org/works?filter=author.id:A5100650085
A5007699920,Isak Ladegaard,17,11,US,https://api.openalex.org/works?filter=author.id:A5007699920
A5022573878,Piotr Bródka,142,25,PL,https://api.openalex.org/works?filter=author.id:A5022573878
A5064995758,Stuart Duncan Smith,8,6,US,https://api.openalex.org/works?filter=author.id:A5064995758
A5070656514,James Holehouse,25,6,US,https://api.openalex.org/works?filter=author.id:A5070656514
A5051838456,Rebecca A. Dore,72,19,US,https://api.openalex.org/works?filter=author.id:A5051838456
A5101327306,Danishjeet Singh,4,1,US,https://api.openalex.org/works?filter=author.id:A5101327306
A5017357324,Jisu Huh,106,28,US,https://api.openalex.org/works?filter=author.id:A5017357324
A5035190383,Kanghyun Cho,1,1,US,https://api.openalex.org/works?filter=author.id:A5035190383
A5084116084,Detmar W. Straub,270,69,US,https://api.openalex.org/works?filter=author.id:A5084116084
A5006404907,Aoi Naito,11,3,JP,https://api.openalex.org/works?filter=author.id:A5006404907
A5049558351,Gerard Christopher Yeo,7,2,SG,https://api.openalex.org/works?filter=author.id:A5049558351
A5030047353,Shagun Jhaver,42,16,NL,https://api.openalex.org/works?filter=author.id:A5030047353
A5052300568,Tongjing Wang,6,6,NL,https://api.openalex.org/works?filter=author.id:A5052300568
A5065212478,Huilian Sophie Qiu,21,6,US,https://api.openalex.org/works?filter=author.id:A5065212478
A5113858426,Hyo‐Min Jang,18,12,KR,https://api.openalex.org/works?filter=author.id:A5113858426
A5031514121,Almog Simchon,43,9,GB,https://api.openalex.org/works?filter=author.id:A5031514121
A5013341018,Larrisa I. Miller,1,1,US,https://api.openalex.org/works?filter=author.id:A5013341018
A5110117708,Qing Ke,93,22,CN,https://api.openalex.org/works?filter=author.id:A5110117708
A5049240073,Vicky Chuqiao Yang,41,7,US,https://api.openalex.org/works?filter=author.id:A5049240073
A5091815434,Florian Saurwein,83,15,CH,https://api.openalex.org/works?filter=author.id:A5091815434
A5038833789,Julia Mendelsohn,22,9,US,https://api.openalex.org/works?filter=author.id:A5038833789
A5007612664,Roman Kyrychenko,4,2,FI,https://api.openalex.org/works?filter=author.id:A5007612664
A5055438472,Justin Chun‐ting Ho,27,7,TW,https://api.openalex.org/works?filter=author.id:A5055438472
A5057880103,Marios Papachristou,36,4,US,https://api.openalex.org/works?filter=author.id:A5057880103
A5091142592,Michael Guerzhoy,41,5,CA,https://api.openalex.org/works?filter=author.id:A5091142592
A5072971093,Sharaj Kunjar,2,1,DE,https://api.openalex.org/works?filter=author.id:A5072971093
A5085287152,Bryan Li,91,18,US,https://api.openalex.org/works?filter=author.id:A5085287152
A5055160277,Timothy G. Dorr,10,2,NL,https://api.openalex.org/works?filter=author.id:A5055160277
A5055973075,Steven R. Wilson,241,35,US,https://api.openalex.org/works?filter=author.id:A5055973075
A5036902882,Xiuqi Sukie Yang,2,0,US,https://api.openalex.org/works?filter=author.id:A5036902882
A5085949327,Meera Desai,15,5,GB,https://api.openalex.org/works?filter=author.id:A5085949327
A5059312459,Frances Knight,109,5,GB,https://api.openalex.org/works?filter=author.id:A5059312459
A5077079119,Thomas L. Griffiths,765,96,US,https://api.openalex.org/works?filter=author.id:A5077079119
A5033317835,Mahmoudreza Babaei,27,13,DE,https://api.openalex.org/works?filter=author.id:A5033317835
A5044995158,William Brannon,40,11,US,https://api.openalex.org/works?filter=author.id:A5044995158
A5109273952,Müge Finkel,5,2,US,https://api.openalex.org/works?filter=author.id:A5109273952
A5091998606,Rojin Ziaei,7,2,US,https://api.openalex.org/works?filter=author.id:A5091998606
A5014394213,Xuechunzi Bai,33,10,US,https://api.openalex.org/works?filter=author.id:A5014394213
A5004281470,Deb Roy,289,41,US,https://api.openalex.org/works?filter=author.id:A5004281470
A5077466034,Vikram Balasubramanian,3,2,US,https://api.openalex.org/works?filter=author.id:A5077466034
A5056015605,Anna M. Lieb,2,2,US,https://api.openalex.org/works?filter=author.id:A5056015605
A5098732389,Steven Lauterwasser,1,0,US,https://api.openalex.org/works?filter=author.id:A5098732389
A5067990394,Bernie Hogan,84,28,GB,https://api.openalex.org/works?filter=author.id:A5067990394
A5060541841,Tali Kristal,33,16,IL,https://api.openalex.org/works?filter=author.id:A5060541841
A5100350852,Mengyi Zhang,18,5,CN,https://api.openalex.org/works?filter=author.id:A5100350852
A5036794290,Márton Rakovics,21,5,HU,https://api.openalex.org/works?filter=author.id:A5036794290
A5079161259,Aleksi Aaltonen,44,9,US,https://api.openalex.org/works?filter=author.id:A5079161259
A5067288003,MEHMET FUAT KINA,9,1,TR,https://api.openalex.org/works?filter=author.id:A5067288003
A5049723093,Salsabil M. Abdalbaki,3,1,EG,https://api.openalex.org/works?filter=author.id:A5049723093
A5020144785,Jing Han,182,40,US,https://api.openalex.org/works?filter=author.id:A5020144785
A5063766667,Chris Chao Su,25,7,US,https://api.openalex.org/works?filter=author.id:A5063766667
A5110448998,Zhijian Zheng,14,8,CN,https://api.openalex.org/works?filter=author.id:A5110448998
A5072564674,Chhandak Bagchi,8,2,US,https://api.openalex.org/works?filter=author.id:A5072564674
A5087088138,Dan Jurafsky,358,86,US,https://api.openalex.org/works?filter=author.id:A5087088138
A5056423601,Rhianne W. Hoek,8,3,NL,https://api.openalex.org/works?filter=author.id:A5056423601
A5084047654,Riley Tucker,109,15,US,https://api.openalex.org/works?filter=author.id:A5084047654
A5063417857,Ke Fang,358,42,US,https://api.openalex.org/works?filter=author.id:A5063417857
A5060778029,Maciej Styczen,2,1,CH,https://api.openalex.org/works?filter=author.id:A5060778029
A5083583657,Guillaume Latzko-Toth,53,10,CA,https://api.openalex.org/works?filter=author.id:A5083583657
A5019373396,Linnea Gandhi,11,8,US,https://api.openalex.org/works?filter=author.id:A5019373396
A5076145498,Miftahul Jannat Mokarrama,6,4,BD,https://api.openalex.org/works?filter=author.id:A5076145498
A5008452854,Rebekah Tromble,51,16,US,https://api.openalex.org/works?filter=author.id:A5008452854
A5087293181,Natalie Schroyens,35,9,BE,https://api.openalex.org/works?filter=author.id:A5087293181
A5088363723,Neha Kumar,173,32,US,https://api.openalex.org/works?filter=author.id:A5088363723
A5108018053,Andrés Gvirtz,18,4,GB,https://api.openalex.org/works?filter=author.id:A5108018053
A5035201433,Ting Luo,228,30,CN,https://api.openalex.org/works?filter=author.id:A5035201433
A5037636074,Kristian Kersting,568,52,DE,https://api.openalex.org/works?filter=author.id:A5037636074
A5082665196,Lillio Mok,10,4,CA,https://api.openalex.org/works?filter=author.id:A5082665196
A5061935602,Steve Rathje,66,23,US,https://api.openalex.org/works?filter=author.id:A5061935602
A5101128468,Yongwei Yang,22,9,CN,https://api.openalex.org/works?filter=author.id:A5101128468
A5059787882,Michele Tizzoni,115,30,IT,https://api.openalex.org/works?filter=author.id:A5059787882
A5057107455,María C. Ramos,55,13,ES,https://api.openalex.org/works?filter=author.id:A5057107455
A5029529751,Isabelle Langrock,7,2,US,https://api.openalex.org/works?filter=author.id:A5029529751
A5026546328,Isabella Loaiza Saa,5,2,US,https://api.openalex.org/works?filter=author.id:A5026546328
A5102688812,Huayin Luo,4,1,CA,https://api.openalex.org/works?filter=author.id:A5102688812
A5085714892,John Bryden,164,18,NO,https://api.openalex.org/works?filter=author.id:A5085714892
A5102791025,Devansh Jain,14,5,US,https://api.openalex.org/works?filter=author.id:A5102791025
A5033157677,Hejie Cui,51,13,US,https://api.openalex.org/works?filter=author.id:A5033157677
A5033847936,Sijia Qian,19,8,CN,https://api.openalex.org/works?filter=author.id:A5033847936
A5092145709,Brooke Perreault,4,1,US,https://api.openalex.org/works?filter=author.id:A5092145709
A5085927300,Kathleen M. Carley,883,82,US,https://api.openalex.org/works?filter=author.id:A5085927300
A5077712228,Simon A. Levin,993,141,US,https://api.openalex.org/works?filter=author.id:A5077712228
A5100374296,Jaehong Kim,75,22,KR,https://api.openalex.org/works?filter=author.id:A5100374296
A5076364930,Farnaz Jahanbakhsh,15,8,US,https://api.openalex.org/works?filter=author.id:A5076364930
A5018392096,Matteo Magnani,193,29,SE,https://api.openalex.org/works?filter=author.id:A5018392096
A5049389261,Bence Ságvári,55,10,HU,https://api.openalex.org/works?filter=author.id:A5049389261
A5020380520,Zhaoyin Chu,2,1,CN,https://api.openalex.org/works?filter=author.id:A5020380520
A5027814433,Mohammed Alsobay,13,3,US,https://api.openalex.org/works?filter=author.id:A5027814433
A5057976295,Tzu‐Kun Hsiao,14,6,US,https://api.openalex.org/works?filter=author.id:A5057976295
A5093405128,Leah von der Heyde,4,2,DE,https://api.openalex.org/works?filter=author.id:A5093405128
A5068819495,Luca Pappalardo,173,32,IT,https://api.openalex.org/works?filter=author.id:A5068819495
A5037300629,Nouar AlDahoul,90,14,AE,https://api.openalex.org/works?filter=author.id:A5037300629
A5100377930,Yiming Wang,240,40,CN,https://api.openalex.org/works?filter=author.id:A5100377930
A5100640251,Qiwei Li,218,27,US,https://api.openalex.org/works?filter=author.id:A5100640251
A5023968831,Anna B. Stephenson,36,8,US,https://api.openalex.org/works?filter=author.id:A5023968831
A5002984043,Daniel Romero,99,12,CU,https://api.openalex.org/works?filter=author.id:A5002984043
A5067953991,Aliakbar Akbaritabar,50,11,DE,https://api.openalex.org/works?filter=author.id:A5067953991
A5102971731,Suhyoung Choi,99,14,KR,https://api.openalex.org/works?filter=author.id:A5102971731
A5001523273,Lynnette Hui Xian Ng,94,11,US,https://api.openalex.org/works?filter=author.id:A5001523273
A5037093270,Qiankun Zhong,20,6,US,https://api.openalex.org/works?filter=author.id:A5037093270
A5087787038,Chris Wells,156,22,US,https://api.openalex.org/works?filter=author.id:A5087787038
A5033463329,Yifan Qian,8,5,CN,https://api.openalex.org/works?filter=author.id:A5033463329
A5043371507,Yueran Duan,10,2,CN,https://api.openalex.org/works?filter=author.id:A5043371507
A5072281431,Lisa Oswald,16,7,DE,https://api.openalex.org/works?filter=author.id:A5072281431
A5058939619,Alvin Zhou,59,14,US,https://api.openalex.org/works?filter=author.id:A5058939619
A5101829663,Xinwei Zheng,47,13,AU,https://api.openalex.org/works?filter=author.id:A5101829663
A5087471530,Allison Koenecke,40,8,US,https://api.openalex.org/works?filter=author.id:A5087471530
A5028851796,Spencer Caplan,18,4,US,https://api.openalex.org/works?filter=author.id:A5028851796
A5047198701,Alexander J. Gates,45,13,US,https://api.openalex.org/works?filter=author.id:A5047198701
A5109446924,Jianjian Gao,25,6,CN,https://api.openalex.org/works?filter=author.id:A5109446924
A5077228817,Peter N. Dodds,268,69,AU,https://api.openalex.org/works?filter=author.id:A5077228817
A5034327826,Patrick Park,41,8,CA,https://api.openalex.org/works?filter=author.id:A5034327826
A5068201653,Sara Bonati,42,7,IT,https://api.openalex.org/works?filter=author.id:A5068201653
A5060256587,Claudia Acciai,14,4,DK,https://api.openalex.org/works?filter=author.id:A5060256587
A5077179813,Libby Hemphill,143,19,US,https://api.openalex.org/works?filter=author.id:A5077179813
A5070767948,Dallas Card,60,23,US,https://api.openalex.org/works?filter=author.id:A5070767948
A5093587867,Duncan Cassells,2,1,FR,https://api.openalex.org/works?filter=author.id:A5093587867
A5054808675,Joel Z. Leibo,184,40,GB,https://api.openalex.org/works?filter=author.id:A5054808675
A5060054839,Youngik Lee,1,1,KR,https://api.openalex.org/works?filter=author.id:A5060054839
A5013453635,Yuze Sui,3,1,US,https://api.openalex.org/works?filter=author.id:A5013453635
A5082130337,A. Marthe Möller,13,6,NL,https://api.openalex.org/works?filter=author.id:A5082130337
A5062365263,Fengli Xu,105,23,CN,https://api.openalex.org/works?filter=author.id:A5062365263
A5036233384,Sumeet Gulati,59,16,CA,https://api.openalex.org/works?filter=author.id:A5036233384
A5034362571,Chenyan Jia,38,9,US,https://api.openalex.org/works?filter=author.id:A5034362571
A5010287399,Inho Hong,37,6,DE,https://api.openalex.org/works?filter=author.id:A5010287399
A5078357516,Dmitry Zinoviev,88,14,US,https://api.openalex.org/works?filter=author.id:A5078357516
A5031056767,Amy Hagopian,127,30,US,https://api.openalex.org/works?filter=author.id:A5031056767
A5043059930,Ho-Chun Herbert Chang,57,11,US,https://api.openalex.org/works?filter=author.id:A5043059930
A5084458456,Kilian Buehling,16,5,DE,https://api.openalex.org/works?filter=author.id:A5084458456
A5022479813,Anjalie Field,139,31,US,https://api.openalex.org/works?filter=author.id:A5022479813
A5033136366,Xiaoqin Yan,100,40,CN,https://api.openalex.org/works?filter=author.id:A5033136366
A5022229311,James Alex Bonus,38,12,US,https://api.openalex.org/works?filter=author.id:A5022229311
A5097713744,Sidney Xiang,1,0,US,https://api.openalex.org/works?filter=author.id:A5097713744
A5082556407,Taizo Horikomi,6,2,JP,https://api.openalex.org/works?filter=author.id:A5082556407
A5042989803,Zhehan Zhang,43,12,CN,https://api.openalex.org/works?filter=author.id:A5042989803
A5012681383,Mila Oiva,41,5,EE,https://api.openalex.org/works?filter=author.id:A5012681383
A5093751418,Seonbin Jo,2,1,KR,https://api.openalex.org/works?filter=author.id:A5093751418
A5102845677,Kenji Yokotani,30,6,JP,https://api.openalex.org/works?filter=author.id:A5102845677
A5039540205,Tobias Gerstenberg,151,28,US,https://api.openalex.org/works?filter=author.id:A5039540205
A5008307390,Moh Hosseinioun,2,1,CA,https://api.openalex.org/works?filter=author.id:A5008307390
A5048176602,Vedran Sekara,40,11,US,https://api.openalex.org/works?filter=author.id:A5048176602
A5015770363,Kevin Munger,212,19,US,https://api.openalex.org/works?filter=author.id:A5015770363
A5020837142,Jordyn Young,14,5,GB,https://api.openalex.org/works?filter=author.id:A5020837142
A5090271895,Ayush Kanodia,24,7,IN,https://api.openalex.org/works?filter=author.id:A5090271895
A5046908604,Taha Yasseri,179,28,IE,https://api.openalex.org/works?filter=author.id:A5046908604
A5009943357,Keith Burghardt,142,11,US,https://api.openalex.org/works?filter=author.id:A5009943357
A5061444760,Fereshteh Amini,31,11,US,https://api.openalex.org/works?filter=author.id:A5061444760
A5090460555,Young Min Cho,410,53,KR,https://api.openalex.org/works?filter=author.id:A5090460555
A5030654899,Hannah Kinzer,16,5,US,https://api.openalex.org/works?filter=author.id:A5030654899
A5032538899,Jonathan Nagler,355,44,US,https://api.openalex.org/works?filter=author.id:A5032538899
A5009478901,Yini Zhang,51,13,CN,https://api.openalex.org/works?filter=author.id:A5009478901
A5015755413,Minje Choi,20,8,KR,https://api.openalex.org/works?filter=author.id:A5015755413
A5041845200,Aditya Gulati,24,4,,https://api.openalex.org/works?filter=author.id:A5041845200
A5100766043,David García,333,58,US,https://api.openalex.org/works?filter=author.id:A5100766043
A5092002730,Katie Spoon,9,2,US,https://api.openalex.org/works?filter=author.id:A5092002730
A5100756799,Yang Zhou,111,40,CN,https://api.openalex.org/works?filter=author.id:A5100756799
A5078030567,Mingshan Jia,13,4,AU,https://api.openalex.org/works?filter=author.id:A5078030567
A5049395978,Maneesh Arora,22,8,US,https://api.openalex.org/works?filter=author.id:A5049395978
A5049106181,Preetha Chatterjee,36,8,US,https://api.openalex.org/works?filter=author.id:A5049106181
A5005537718,Yunkang Yang,8,5,US,https://api.openalex.org/works?filter=author.id:A5005537718
A5101690189,Md Sanzeed Anwar,8,2,US,https://api.openalex.org/works?filter=author.id:A5101690189
A5028670112,Nanxi Liu,5,3,CN,https://api.openalex.org/works?filter=author.id:A5028670112
A5010666189,Bong Gwan Jun,20,3,KR,https://api.openalex.org/works?filter=author.id:A5010666189
A5025069859,Alessia Antelmi,33,8,IT,https://api.openalex.org/works?filter=author.id:A5025069859
A5061868864,Marco Tonin,2,0,DE,https://api.openalex.org/works?filter=author.id:A5061868864
A5053640148,Sarah Shugars,30,8,US,https://api.openalex.org/works?filter=author.id:A5053640148
A5023898973,Shiyang Lai,12,3,US,https://api.openalex.org/works?filter=author.id:A5023898973
A5048088355,Alireza Javadian Sabet,25,6,US,https://api.openalex.org/works?filter=author.id:A5048088355
A5078228552,Daria Kravets,9,3,DE,https://api.openalex.org/works?filter=author.id:A5078228552
A5010629861,Nandini Banerjee,20,4,IN,https://api.openalex.org/works?filter=author.id:A5010629861
A5013670125,David Lazer,449,60,US,https://api.openalex.org/works?filter=author.id:A5013670125
A5009488624,Chris Riedl,1,1,MX,https://api.openalex.org/works?filter=author.id:A5009488624
A5047810054,Renzhe Yu,40,11,US,https://api.openalex.org/works?filter=author.id:A5047810054
A5058954591,João Sedoc,140,20,US,https://api.openalex.org/works?filter=author.id:A5058954591
A5011499718,Zubair Shafiq,134,21,US,https://api.openalex.org/works?filter=author.id:A5011499718
A5020418858,Anders Giovanni Møller,6,2,DK,https://api.openalex.org/works?filter=author.id:A5020418858
A5026024797,Jonathan St-Onge,15,3,CA,https://api.openalex.org/works?filter=author.id:A5026024797
A5017437256,Frank Mangold,31,7,DE,https://api.openalex.org/works?filter=author.id:A5017437256
A5067625837,Ralph Schroeder,285,45,GB,https://api.openalex.org/works?filter=author.id:A5067625837
A5091210858,Bence Kollányi,32,12,HU,https://api.openalex.org/works?filter=author.id:A5091210858
A5110770632,Roberto Rigobón,263,56,US,https://api.openalex.org/works?filter=author.id:A5110770632
A5001211242,Susan Athey,473,69,US,https://api.openalex.org/works?filter=author.id:A5001211242
A5049483871,Haohan Chen,68,13,CN,https://api.openalex.org/works?filter=author.id:A5049483871
A5018574266,Adrian Zhou,9,3,US,https://api.openalex.org/works?filter=author.id:A5018574266
A5031278789,Kaitlyn Zhou,21,8,US,https://api.openalex.org/works?filter=author.id:A5031278789
A5082332656,Abdul Basit Adeel,9,4,US,https://api.openalex.org/works?filter=author.id:A5082332656
A5072650488,Kei Ichikawa,2,2,JP,https://api.openalex.org/works?filter=author.id:A5072650488
A5009715573,Yibing Sun,17,9,CN,https://api.openalex.org/works?filter=author.id:A5009715573
A5038043083,Sanja Šćepanović,87,11,GB,https://api.openalex.org/works?filter=author.id:A5038043083
A5100652499,Huimin Xu,322,41,CN,https://api.openalex.org/works?filter=author.id:A5100652499
A5036935284,Sumer S. Vaid,28,9,US,https://api.openalex.org/works?filter=author.id:A5036935284
A5093329780,Tim Faverjon,3,0,FR,https://api.openalex.org/works?filter=author.id:A5093329780
A5073592405,Abraham Bernstein,386,53,CH,https://api.openalex.org/works?filter=author.id:A5073592405
A5004570172,Andrew P. Davis,31,9,US,https://api.openalex.org/works?filter=author.id:A5004570172
A5000474356,Nan Cao,201,39,CN,https://api.openalex.org/works?filter=author.id:A5000474356
A5040399099,Julia Kim‐Cohen,30,26,US,https://api.openalex.org/works?filter=author.id:A5040399099
A5044261825,Matthew Haruyama,3,0,JP,https://api.openalex.org/works?filter=author.id:A5044261825
A5035455593,Laurent Hébert‐Dufresne,203,31,US,https://api.openalex.org/works?filter=author.id:A5035455593
A5091314544,Dorottya Kisfalusi,35,9,HU,https://api.openalex.org/works?filter=author.id:A5091314544
A5113454096,John D. O'Brien,1,1,US,https://api.openalex.org/works?filter=author.id:A5113454096
A5079154791,Kokil Jaidka,162,24,SG,https://api.openalex.org/works?filter=author.id:A5079154791
A5008880747,Rodrigo Dorantes-Gilardi,16,6,MX,https://api.openalex.org/works?filter=author.id:A5008880747
A5091368933,Yu-Xuan Qiu,7,3,CN,https://api.openalex.org/works?filter=author.id:A5091368933
A5036868218,Bedoor AlShebli,36,13,US,https://api.openalex.org/works?filter=author.id:A5036868218
A5106987178,Rikuei Kaku,1,0,JP,https://api.openalex.org/works?filter=author.id:A5106987178
A5100398535,Yifan Wang,378,40,US,https://api.openalex.org/works?filter=author.id:A5100398535
A5043260637,Fang-Yi Yu,38,5,US,https://api.openalex.org/works?filter=author.id:A5043260637
A5042088277,Yutong Si,14,5,US,https://api.openalex.org/works?filter=author.id:A5042088277
A5080592381,Erdem Yörük,94,18,TR,https://api.openalex.org/works?filter=author.id:A5080592381
A5100728603,Zhen Guo,64,34,US,https://api.openalex.org/works?filter=author.id:A5100728603
A5101925774,Linjun Zhang,75,17,CN,https://api.openalex.org/works?filter=author.id:A5101925774
A5093062819,Gülşah Akçakır,2,1,US,https://api.openalex.org/works?filter=author.id:A5093062819
A5029149122,Megan M. Wisniewski,1,1,US,https://api.openalex.org/works?filter=author.id:A5029149122
A5108220394,Ranjit Kumar Chandra,126,32,US,https://api.openalex.org/works?filter=author.id:A5108220394
A5004151123,Ankit Aich,13,4,DK,https://api.openalex.org/works?filter=author.id:A5004151123
A5023958655,Hiroki Nakajima,114,19,JP,https://api.openalex.org/works?filter=author.id:A5023958655
A5091233601,Kelun Lu,3,2,US,https://api.openalex.org/works?filter=author.id:A5091233601
A5100387373,Young Jin Kim,243,56,KR,https://api.openalex.org/works?filter=author.id:A5100387373
A5072811626,Muhammad Ehab Rasul,11,5,US,https://api.openalex.org/works?filter=author.id:A5072811626
A5107856338,Ivan Smirnov,82,36,US,https://api.openalex.org/works?filter=author.id:A5107856338
A5038897083,Andrés Abeliuk,76,14,CL,https://api.openalex.org/works?filter=author.id:A5038897083
A5100320371,Yongjun Zhang,348,57,CN,https://api.openalex.org/works?filter=author.id:A5100320371
A5015761687,Duccio Piovani,21,6,GB,https://api.openalex.org/works?filter=author.id:A5015761687
A5065954205,Hamed Alhoori,81,14,US,https://api.openalex.org/works?filter=author.id:A5065954205
A5080265907,Dean Eckles,125,34,US,https://api.openalex.org/works?filter=author.id:A5080265907
A5025218700,Amit Goldenberg,139,26,US,https://api.openalex.org/works?filter=author.id:A5025218700
A5031106143,Adrián Arnaiz-Rodríguez,13,3,ES,https://api.openalex.org/works?filter=author.id:A5031106143
A5047497228,Rodrigo Plaza-Pedroche,17,5,ES,https://api.openalex.org/works?filter=author.id:A5047497228
A5021170243,Cassandra Overney,11,4,US,https://api.openalex.org/works?filter=author.id:A5021170243
A5060598258,Mathew V. Kiang,142,35,US,https://api.openalex.org/works?filter=author.id:A5060598258
A5047584056,Veniamin Veselovsky,22,4,CH,https://api.openalex.org/works?filter=author.id:A5047584056
A5010318820,Takayuki Mizuno,227,29,JP,https://api.openalex.org/works?filter=author.id:A5010318820
A5027450101,Tobin South,31,3,US,https://api.openalex.org/works?filter=author.id:A5027450101
A5021090586,Michael Lees,227,28,NL,https://api.openalex.org/works?filter=author.id:A5021090586
A5087662609,Charles Yang,100,34,US,https://api.openalex.org/works?filter=author.id:A5087662609
A5084303908,Júlia Koltai,60,11,HU,https://api.openalex.org/works?filter=author.id:A5084303908
A5064296964,Abdullah Almaatouq,97,13,US,https://api.openalex.org/works?filter=author.id:A5064296964
A5109618222,I-Jeng Wang,101,17,US,https://api.openalex.org/works?filter=author.id:A5109618222
A5100670406,Edward Lee,386,54,US,https://api.openalex.org/works?filter=author.id:A5100670406
A5103137192,Yan Leng,161,43,CN,https://api.openalex.org/works?filter=author.id:A5103137192
A5072263832,Johan Ugander,104,22,US,https://api.openalex.org/works?filter=author.id:A5072263832
A5010544062,Rachith Aiyappa,4,2,US,https://api.openalex.org/works?filter=author.id:A5010544062
A5015718160,Marie‐Laure Charpignon,65,12,US,https://api.openalex.org/works?filter=author.id:A5015718160
A5101617772,Weiyu Li,90,28,US,https://api.openalex.org/works?filter=author.id:A5101617772
A5070544413,Pelin Bicen,45,10,US,https://api.openalex.org/works?filter=author.id:A5070544413
A5091266570,Sanmi Koyejo,91,16,US,https://api.openalex.org/works?filter=author.id:A5091266570
A5030255458,Guodong Ju,48,11,CN,https://api.openalex.org/works?filter=author.id:A5030255458
A5100757577,Anqi Liu,174,21,US,https://api.openalex.org/works?filter=author.id:A5100757577
A5073672615,Grant Schoenebeck,139,21,US,https://api.openalex.org/works?filter=author.id:A5073672615
A5093136191,Şükrü Atsızelti,7,1,TR,https://api.openalex.org/works?filter=author.id:A5093136191
A5078442658,Milo Z. Trujillo,27,7,US,https://api.openalex.org/works?filter=author.id:A5078442658
A5058109169,Zhenwei Tang,69,17,CN,https://api.openalex.org/works?filter=author.id:A5058109169
A5071261828,James Evans,697,59,US,https://api.openalex.org/works?filter=author.id:A5071261828
A5101965763,M. Amin Rahimian,119,18,US,https://api.openalex.org/works?filter=author.id:A5101965763
A5068556395,Ralph Hertwig,586,76,DE,https://api.openalex.org/works?filter=author.id:A5068556395
A5015694492,Zoltán Kmetty,83,8,HU,https://api.openalex.org/works?filter=author.id:A5015694492
A5015843011,Reed Orchinik,13,3,US,https://api.openalex.org/works?filter=author.id:A5015843011
A5008551833,Derek Ouyang,32,6,US,https://api.openalex.org/works?filter=author.id:A5008551833
A5034208573,Georgina Curto,13,1,US,https://api.openalex.org/works?filter=author.id:A5034208573
A5037638116,Isabel O. Gallegos,6,3,US,https://api.openalex.org/works?filter=author.id:A5037638116
A5017748876,Seulki Kang,19,12,KR,https://api.openalex.org/works?filter=author.id:A5017748876
A5048789742,Ashton Anderson,87,22,CA,https://api.openalex.org/works?filter=author.id:A5048789742
A5101621295,David H. Van Thiel,590,76,US,https://api.openalex.org/works?filter=author.id:A5101621295
A5012381948,Joost Rietveld,43,12,GB,https://api.openalex.org/works?filter=author.id:A5012381948
A5087214548,Massimiliano Luca,35,8,IT,https://api.openalex.org/works?filter=author.id:A5087214548
A5041539298,Hao Lin,393,77,CN,https://api.openalex.org/works?filter=author.id:A5041539298
A5068825751,Madison Coots,10,3,US,https://api.openalex.org/works?filter=author.id:A5068825751
A5027872607,Vasileios Maltezos,2,1,FI,https://api.openalex.org/works?filter=author.id:A5027872607
A5083931769,Jiakai Shi,9,3,CA,https://api.openalex.org/works?filter=author.id:A5083931769
A5100725709,Kiho Park,105,23,KR,https://api.openalex.org/works?filter=author.id:A5100725709
A5027036879,Sharad Goel,244,39,US,https://api.openalex.org/works?filter=author.id:A5027036879
A5086453253,Emilio Zagheni,195,34,DE,https://api.openalex.org/works?filter=author.id:A5086453253
A5021589283,Laura Boeschoten,44,8,NL,https://api.openalex.org/works?filter=author.id:A5021589283
A5079270160,Lukas Erhard,8,4,DE,https://api.openalex.org/works?filter=author.id:A5079270160
A5053784747,Kyung Park,249,36,KR,https://api.openalex.org/works?filter=author.id:A5053784747
A5109187560,Xiao-Ming Yin,101,64,US,https://api.openalex.org/works?filter=author.id:A5109187560
A5043488321,Aleksei Gorgadze,7,3,RU,https://api.openalex.org/works?filter=author.id:A5043488321
A5030862748,Enrico Forti,23,6,GB,https://api.openalex.org/works?filter=author.id:A5030862748
A5086210209,Sachin R. Pendse,33,10,US,https://api.openalex.org/works?filter=author.id:A5086210209
A5032620634,Ravi Shroff,39,13,US,https://api.openalex.org/works?filter=author.id:A5032620634
A5066733214,Tauhid Zaman,84,20,US,https://api.openalex.org/works?filter=author.id:A5066733214
A5093895487,Guillaume Moinard,2,1,FR,https://api.openalex.org/works?filter=author.id:A5093895487
A5042418453,Sonia Jaffe,51,13,US,https://api.openalex.org/works?filter=author.id:A5042418453
A5029925982,Pan Hui,568,58,HK,https://api.openalex.org/works?filter=author.id:A5029925982
A5007176508,Alex Pentland,1033,122,US,https://api.openalex.org/works?filter=author.id:A5007176508
A5014989262,Michał Czuba,44,3,PL,https://api.openalex.org/works?filter=author.id:A5014989262
A5102922371,Jinhyuk Yun,40,6,KR,https://api.openalex.org/works?filter=author.id:A5102922371
A5091613258,Samuel R Mendez,16,4,US,https://api.openalex.org/works?filter=author.id:A5091613258
A5075885830,Jennifer F. Ha,97,14,US,https://api.openalex.org/works?filter=author.id:A5075885830
A5073774344,Ronald E. Robertson,52,19,US,https://api.openalex.org/works?filter=author.id:A5073774344
A5103175261,Sathish Gopalakrishnan,89,18,CA,https://api.openalex.org/works?filter=author.id:A5103175261
A5053878379,Christopher Graziul,19,5,US,https://api.openalex.org/works?filter=author.id:A5053878379
A5004855746,Gerard Torrats‐Espinosa,23,9,US,https://api.openalex.org/works?filter=author.id:A5004855746
A5068875173,Jianghui Li,92,21,CN,https://api.openalex.org/works?filter=author.id:A5068875173
A5002117379,Anita Keshmirian,6,3,US,https://api.openalex.org/works?filter=author.id:A5002117379
A5000679279,Duncan J. Watts,217,66,US,https://api.openalex.org/works?filter=author.id:A5000679279
A5008439962,Stefan M. Herzog,124,26,DE,https://api.openalex.org/works?filter=author.id:A5008439962
A5033090175,Neil Malhotra,350,47,US,https://api.openalex.org/works?filter=author.id:A5033090175
A5059236838,Yong‐Yeol Ahn,238,41,US,https://api.openalex.org/works?filter=author.id:A5059236838
A5038884124,Sally Hang,10,5,US,https://api.openalex.org/works?filter=author.id:A5038884124
A5032167625,David J. Blok,47,17,NL,https://api.openalex.org/works?filter=author.id:A5032167625
A5071165387,Mirta Galešić,192,44,AT,https://api.openalex.org/works?filter=author.id:A5071165387
A5107592070,Eunbin Ha,1,1,US,https://api.openalex.org/works?filter=author.id:A5107592070
A5071293344,Adam Fourney,82,20,US,https://api.openalex.org/works?filter=author.id:A5071293344
A5029292684,Ernesto Calvo,160,28,US,https://api.openalex.org/works?filter=author.id:A5029292684
A5058033787,Giulia Cencetti,53,13,IT,https://api.openalex.org/works?filter=author.id:A5058033787
A5038367813,Neil Sehgal,34,13,US,https://api.openalex.org/works?filter=author.id:A5038367813
A5089178335,Yoo Ji Suh,7,4,US,https://api.openalex.org/works?filter=author.id:A5089178335
A5086981709,Mareike Wieland,8,5,DE,https://api.openalex.org/works?filter=author.id:A5086981709
A5100615684,Zhen Xu,238,62,CN,https://api.openalex.org/works?filter=author.id:A5100615684
A5019800917,Mahnaz Roshanaei,16,7,US,https://api.openalex.org/works?filter=author.id:A5019800917
A5101932298,Wenxuan Huang,51,24,CN,https://api.openalex.org/works?filter=author.id:A5101932298
A5012429628,Damian Serwata,3,1,PL,https://api.openalex.org/works?filter=author.id:A5012429628
A5027066421,Evan M Williams,1,1,US,https://api.openalex.org/works?filter=author.id:A5027066421
A5110627453,Anku Rani,19,5,US,https://api.openalex.org/works?filter=author.id:A5110627453
A5071349842,Kaiping Chen,68,16,US,https://api.openalex.org/works?filter=author.id:A5071349842
A5075837940,Diane Dagyong Kim,2,0,US,https://api.openalex.org/works?filter=author.id:A5075837940
A5027180117,Sofia Eleni Spatharioti,15,3,US,https://api.openalex.org/works?filter=author.id:A5027180117
A5101768809,Jason Burton,84,7,US,https://api.openalex.org/works?filter=author.id:A5101768809
A5069503439,Angela Zavaleta Bernuy,40,5,CA,https://api.openalex.org/works?filter=author.id:A5069503439
A5076235905,Matthew G. Burgess,67,21,US,https://api.openalex.org/works?filter=author.id:A5076235905
A5101275716,Yiwei Xu,90,23,CN,https://api.openalex.org/works?filter=author.id:A5101275716
A5034728614,Matti Nelimarkka,80,17,FI,https://api.openalex.org/works?filter=author.id:A5034728614
A5081816161,Saran Tenzin Tamang,17,6,,https://api.openalex.org/works?filter=author.id:A5081816161
A5100379084,Myeong Soo Lee,970,72,KR,https://api.openalex.org/works?filter=author.id:A5100379084
A5106037583,Hyeong Jae Lee,22,13,US,https://api.openalex.org/works?filter=author.id:A5106037583
A5111039992,Lihan Yan,35,21,US,https://api.openalex.org/works?filter=author.id:A5111039992
A5086827245,Ceren Budak,102,22,US,https://api.openalex.org/works?filter=author.id:A5086827245
A5087725561,Danial Vahabli,9,2,US,https://api.openalex.org/works?filter=author.id:A5087725561
A5056877038,Jack Lipei Tang,15,4,US,https://api.openalex.org/works?filter=author.id:A5056877038
A5043896739,Balaraju Battu,21,6,US,https://api.openalex.org/works?filter=author.id:A5043896739
A5010281475,Lindsay C. Page,147,27,US,https://api.openalex.org/works?filter=author.id:A5010281475
A5050709026,Joshua Introne,32,13,US,https://api.openalex.org/works?filter=author.id:A5050709026
A5079358020,Nina Mažar,135,26,US,https://api.openalex.org/works?filter=author.id:A5079358020
A5057650206,Frank Schweitzer,488,56,CH,https://api.openalex.org/works?filter=author.id:A5057650206
A5030381261,Ziyi Zhao,46,9,HK,https://api.openalex.org/works?filter=author.id:A5030381261
A5005262703,Tara Sowrirajan,6,3,US,https://api.openalex.org/works?filter=author.id:A5005262703
A5065387784,Ryan McGrady,12,5,US,https://api.openalex.org/works?filter=author.id:A5065387784
A5054738619,Smitha Muthya Sudheendra,3,1,US,https://api.openalex.org/works?filter=author.id:A5054738619
A5027079032,Daniel B. Larremore,129,34,US,https://api.openalex.org/works?filter=author.id:A5027079032
A5025818752,Jiayu Zheng,63,16,CN,https://api.openalex.org/works?filter=author.id:A5025818752
A5027709403,Layla Bouzoubaa,24,6,US,https://api.openalex.org/works?filter=author.id:A5027709403
A5057330200,Longqi Yang,73,18,US,https://api.openalex.org/works?filter=author.id:A5057330200
A5044191812,Vinícius Andrade Brei,63,14,BR,https://api.openalex.org/works?filter=author.id:A5044191812
A5102800569,Wenrui Huang,218,35,US,https://api.openalex.org/works?filter=author.id:A5102800569
A5070488104,Angelos Chatzimparmpas,33,7,US,https://api.openalex.org/works?filter=author.id:A5070488104
A5033547967,Casey Doyle,32,5,US,https://api.openalex.org/works?filter=author.id:A5033547967
A5072306738,Jason Yan,49,8,US,https://api.openalex.org/works?filter=author.id:A5072306738
A5086112254,Marshall Van Alstyne,172,42,CA,https://api.openalex.org/works?filter=author.id:A5086112254
A5026829784,Sam Corbett‐Davies,34,14,IL,https://api.openalex.org/works?filter=author.id:A5026829784
A5009735497,Michael Bailey,1212,113,AU,https://api.openalex.org/works?filter=author.id:A5009735497
A5033297158,Anoushka Kiyawat,5,1,US,https://api.openalex.org/works?filter=author.id:A5033297158
A5007282319,Talal Rahwan,169,32,AE,https://api.openalex.org/works?filter=author.id:A5007282319
A5101687764,Je Hoon Chae,4,1,US,https://api.openalex.org/works?filter=author.id:A5101687764
A5092418418,Ramtin Ehsani,11,2,US,https://api.openalex.org/works?filter=author.id:A5092418418
A5091097798,Naifu Zhang,43,10,CN,https://api.openalex.org/works?filter=author.id:A5091097798
A5001319317,Yanbang Wang,36,12,US,https://api.openalex.org/works?filter=author.id:A5001319317
A5047170063,Ying Ding,740,63,US,https://api.openalex.org/works?filter=author.id:A5047170063
A5023211206,Yuhao Du,26,8,CN,https://api.openalex.org/works?filter=author.id:A5023211206
A5043228682,Eric Horvitz,707,92,US,https://api.openalex.org/works?filter=author.id:A5043228682
A5032446414,Yingdan Lu,39,8,US,https://api.openalex.org/works?filter=author.id:A5032446414
A5020081727,Andrew Iliadis,56,10,US,https://api.openalex.org/works?filter=author.id:A5020081727
A5019917525,Xiaomeng Xiong,2,0,CN,https://api.openalex.org/works?filter=author.id:A5019917525
A5062286782,Tamm Mikhail,1,0,RU,https://api.openalex.org/works?filter=author.id:A5062286782
A5053200092,Ilia Sucholutsky,76,10,US,https://api.openalex.org/works?filter=author.id:A5053200092
A5088539840,Esteban Moro,182,37,US,https://api.openalex.org/works?filter=author.id:A5088539840
A5037507641,Alexander Wenz,50,15,DE,https://api.openalex.org/works?filter=author.id:A5037507641
A5002073039,Sou Hyun Jang,70,11,KR,https://api.openalex.org/works?filter=author.id:A5002073039
A5067537811,Liza Danielle Kelly Gutiérrez,3,0,MX,https://api.openalex.org/works?filter=author.id:A5067537811
A5035425698,Daniel González‐Acuña,325,34,CL,https://api.openalex.org/works?filter=author.id:A5035425698
A5110823458,Taichi Murayama,20,9,JP,https://api.openalex.org/works?filter=author.id:A5110823458
A5046270537,Diego Gómez-Zará,35,8,US,https://api.openalex.org/works?filter=author.id:A5046270537
A5063367289,Giovanni Petri,137,31,US,https://api.openalex.org/works?filter=author.id:A5063367289
A5027414437,Mikaela Irene Fudolig,32,5,US,https://api.openalex.org/works?filter=author.id:A5027414437
A5006651432,Hilke Schellmann,5,3,US,https://api.openalex.org/works?filter=author.id:A5006651432
A5019198452,Kushagra Tiwari,1,1,IN,https://api.openalex.org/works?filter=author.id:A5019198452
A5073487056,Matthew VanEseltine,12,6,US,https://api.openalex.org/works?filter=author.id:A5073487056
A5076651767,Ziv Epstein,65,18,US,https://api.openalex.org/works?filter=author.id:A5076651767
A5027261073,Michael Geers,14,6,DE,https://api.openalex.org/works?filter=author.id:A5027261073
A5044470378,Ryan Whalen,57,9,HK,https://api.openalex.org/works?filter=author.id:A5044470378
A5081749318,Saloni Dash,33,8,US,https://api.openalex.org/works?filter=author.id:A5081749318
A5089054864,David D. Fang,222,43,US,https://api.openalex.org/works?filter=author.id:A5089054864
A5086654710,Qi Wang,101,17,CN,https://api.openalex.org/works?filter=author.id:A5086654710
A5064910304,Doug Beeferman,40,12,US,https://api.openalex.org/works?filter=author.id:A5064910304
A5111458986,Eric G. Manning,98,16,US,https://api.openalex.org/works?filter=author.id:A5111458986
A5074392155,Jungsik Choi,188,22,KR,https://api.openalex.org/works?filter=author.id:A5074392155
A5013385420,Francesco Pierri,352,18,IT,https://api.openalex.org/works?filter=author.id:A5013385420
A5100435296,Wei Zhong,291,48,CN,https://api.openalex.org/works?filter=author.id:A5100435296
A5029946497,Richard J. Timpone,18,12,US,https://api.openalex.org/works?filter=author.id:A5029946497
A5017914184,Stephan Lewandowsky,587,86,GB,https://api.openalex.org/works?filter=author.id:A5017914184
A5072392110,Lingxin Hao,112,31,US,https://api.openalex.org/works?filter=author.id:A5072392110
A5113325281,H. Christina Fan,21,13,US,https://api.openalex.org/works?filter=author.id:A5113325281
A5075518230,Kathrin Zippel,55,14,DE,https://api.openalex.org/works?filter=author.id:A5075518230
A5077193439,Taekho You,19,5,KR,https://api.openalex.org/works?filter=author.id:A5077193439
A5070356107,Matthew DeVerna,275,7,US,https://api.openalex.org/works?filter=author.id:A5070356107
A5055129683,Neeti Pokhriyal,15,5,US,https://api.openalex.org/works?filter=author.id:A5055129683
A5007368682,Andrea Musso,39,10,CH,https://api.openalex.org/works?filter=author.id:A5007368682
A5057871177,Felix Schmidt,97,30,DE,https://api.openalex.org/works?filter=author.id:A5057871177
A5026949484,Philipp Lorenz-Spreen,62,18,DE,https://api.openalex.org/works?filter=author.id:A5026949484
A5052391231,Lucia Zheng,9,6,US,https://api.openalex.org/works?filter=author.id:A5052391231
A5102252640,Xuzhen Yang,3,1,CN,https://api.openalex.org/works?filter=author.id:A5102252640
A5013389509,Asli Ebru Şanlıtürk,15,3,DE,https://api.openalex.org/works?filter=author.id:A5013389509
A5076071393,Harry Febrian,4,1,CN,https://api.openalex.org/works?filter=author.id:A5076071393
A5026274355,Lucio La Cava,25,5,IT,https://api.openalex.org/works?filter=author.id:A5026274355
A5084073809,Tolga Etgü,39,8,TR,https://api.openalex.org/works?filter=author.id:A5084073809
A5042359253,Anastasios Evgenidis,39,10,GB,https://api.openalex.org/works?filter=author.id:A5042359253
A5011228873,Alessandro Flammini,258,67,IT,https://api.openalex.org/works?filter=author.id:A5011228873
A5059356040,Elisabeth Stockinger,6,2,CH,https://api.openalex.org/works?filter=author.id:A5059356040
A5049055881,Sourav Medya,70,10,US,https://api.openalex.org/works?filter=author.id:A5049055881
A5074354806,Ádám Stefkovics,37,5,HU,https://api.openalex.org/works?filter=author.id:A5074354806
A5089195241,Radosław Michalski,70,19,PL,https://api.openalex.org/works?filter=author.id:A5089195241
A5054876523,Kathryn E. Cramer,50,20,US,https://api.openalex.org/works?filter=author.id:A5054876523
A5039516755,Qian Shen,131,35,CN,https://api.openalex.org/works?filter=author.id:A5039516755
A5075417449,Tomohiro Murakami,125,17,US,https://api.openalex.org/works?filter=author.id:A5075417449
A5055710645,Jon Kleinberg,680,121,US,https://api.openalex.org/works?filter=author.id:A5055710645
A5075314395,Akhil Arora,38,16,US,https://api.openalex.org/works?filter=author.id:A5075314395
A5044033735,Theo Araujo,111,26,NL,https://api.openalex.org/works?filter=author.id:A5044033735
A5026626448,Eni Mustafaraj,110,17,US,https://api.openalex.org/works?filter=author.id:A5026626448
A5000373924,Heysung Lee,8,3,US,https://api.openalex.org/works?filter=author.id:A5000373924
A5012591331,Luhang Sun,10,4,US,https://api.openalex.org/works?filter=author.id:A5012591331
A5064735018,Niccolò Pescetelli,57,11,US,https://api.openalex.org/works?filter=author.id:A5064735018
A5050704425,Liwei Shen,50,15,CN,https://api.openalex.org/works?filter=author.id:A5050704425
A5059666158,Yessica Herrera-Guzman,1,1,FR,https://api.openalex.org/works?filter=author.id:A5059666158
A5032694172,Kenneth Joseph,146,23,US,https://api.openalex.org/works?filter=author.id:A5032694172
A5086624931,Ege Otenen,9,3,US,https://api.openalex.org/works?filter=author.id:A5086624931
A5040217228,Fujio Toriumi,228,16,JP,https://api.openalex.org/works?filter=author.id:A5040217228
A5070251006,Suining He,85,27,US,https://api.openalex.org/works?filter=author.id:A5070251006
A5090309133,Jun-Cheng Wang,14,5,CN,https://api.openalex.org/works?filter=author.id:A5090309133
A5115594465,Anqi Shao,16,4,US,https://api.openalex.org/works?filter=author.id:A5115594465
A5019136836,Max Pellert,23,10,DE,https://api.openalex.org/works?filter=author.id:A5019136836
A5039707142,Byunghwee Lee,14,4,KR,https://api.openalex.org/works?filter=author.id:A5039707142
A5077795637,Jennifer Pan,245,28,US,https://api.openalex.org/works?filter=author.id:A5077795637
A5048697208,Fynn Bachmann,6,2,DE,https://api.openalex.org/works?filter=author.id:A5048697208
A5002511145,Ryan Smith,325,39,US,https://api.openalex.org/works?filter=author.id:A5002511145
A5084817430,Francesco Salvi,9,3,CH,https://api.openalex.org/works?filter=author.id:A5084817430
A5100740618,Hao Peng,372,44,CN,https://api.openalex.org/works?filter=author.id:A5100740618
A5051317739,Martin Bekker,20,4,ZA,https://api.openalex.org/works?filter=author.id:A5051317739
A5100629298,Yue Yang,192,45,CN,https://api.openalex.org/works?filter=author.id:A5100629298
A5110548152,Ying-Kai Huang,7,5,TW,https://api.openalex.org/works?filter=author.id:A5110548152
A5022638781,Pranav Goel,40,7,US,https://api.openalex.org/works?filter=author.id:A5022638781
A5045451254,Javier Garcia‐Bernardo,83,16,CZ,https://api.openalex.org/works?filter=author.id:A5045451254
A5043268072,Yukihisa Fujita,70,18,JP,https://api.openalex.org/works?filter=author.id:A5043268072
A5055036876,Yun‐Shiuan Chuang,49,11,TW,https://api.openalex.org/works?filter=author.id:A5055036876
A5035143437,Koji Suzuki,792,65,JP,https://api.openalex.org/works?filter=author.id:A5035143437
A5056242621,Roberta Sinatra,85,28,DK,https://api.openalex.org/works?filter=author.id:A5056242621
A5067902287,Sean O’Hagan,37,9,CA,https://api.openalex.org/works?filter=author.id:A5067902287
A5084208311,Daisuke Kikutani,3,0,JP,https://api.openalex.org/works?filter=author.id:A5084208311
A5019218689,Cameron Lai,5,1,JP,https://api.openalex.org/works?filter=author.id:A5019218689
A5094065676,Laura Fürsich,1,0,SE,https://api.openalex.org/works?filter=author.id:A5094065676
A5054478253,Alexandra Segerberg,35,14,SE,https://api.openalex.org/works?filter=author.id:A5054478253
A5003660402,Tyler Simko,88,7,US,https://api.openalex.org/works?filter=author.id:A5003660402
A5100443683,Lin Chen,60,19,CN,https://api.openalex.org/works?filter=author.id:A5100443683
A5050252738,Siddhartha Sen,274,23,US,https://api.openalex.org/works?filter=author.id:A5050252738
A5017040952,Simone Centellegher,25,5,IT,https://api.openalex.org/works?filter=author.id:A5017040952
A5087900468,Taegyoon Kim,4,2,KR,https://api.openalex.org/works?filter=author.id:A5087900468
A5070324886,Anthony G. Cusimano,2,2,US,https://api.openalex.org/works?filter=author.id:A5070324886
A5077079991,Friedolin Merhout,15,9,DK,https://api.openalex.org/works?filter=author.id:A5077079991
A5047870166,Yuheun Kim,3,2,US,https://api.openalex.org/works?filter=author.id:A5047870166
A5063557800,Kiran Garimella,176,39,US,https://api.openalex.org/works?filter=author.id:A5063557800
A5060488949,Lukas Otto,41,15,DE,https://api.openalex.org/works?filter=author.id:A5060488949
A5064475993,Giona Casiraghi,55,10,CH,https://api.openalex.org/works?filter=author.id:A5064475993
A5086308811,Mauro Martinelli,37,10,IT,https://api.openalex.org/works?filter=author.id:A5086308811
A5082698243,Cameron Martel,46,15,US,https://api.openalex.org/works?filter=author.id:A5082698243
A5077347349,Jennifer M. Krebsbach,19,2,US,https://api.openalex.org/works?filter=author.id:A5077347349
A5065210070,Hsuan‐Wei Lee,66,14,US,https://api.openalex.org/works?filter=author.id:A5065210070
A5046955571,Peter Meylakhs,33,12,US,https://api.openalex.org/works?filter=author.id:A5046955571
A5051695638,Jun Yuan,195,48,CN,https://api.openalex.org/works?filter=author.id:A5051695638
A5090107603,Zsófia Rakovics,6,2,HU,https://api.openalex.org/works?filter=author.id:A5090107603
A5088460626,Wing-Yue Geoffrey Louie,42,12,US,https://api.openalex.org/works?filter=author.id:A5088460626
A5011711173,Jiyoun Suk,33,10,US,https://api.openalex.org/works?filter=author.id:A5011711173
A5101754192,Giuseppe Russo,177,24,IT,https://api.openalex.org/works?filter=author.id:A5101754192
A5081248593,Natascha Just,119,17,CH,https://api.openalex.org/works?filter=author.id:A5081248593
A5015711710,Brian Uzzi,192,51,US,https://api.openalex.org/works?filter=author.id:A5015711710
A5072090727,The Jin Ai,41,7,ID,https://api.openalex.org/works?filter=author.id:A5072090727
A5080791781,Susan T. Fiske,589,123,US,https://api.openalex.org/works?filter=author.id:A5080791781
A5011588754,Nicholas LaBerge,19,4,US,https://api.openalex.org/works?filter=author.id:A5011588754
A5089055856,Alex McAvoy,50,16,US,https://api.openalex.org/works?filter=author.id:A5089055856
A5078951239,Elinor Poole-Dayan,3,2,DZ,https://api.openalex.org/works?filter=author.id:A5078951239
A5081540617,David H. Rehkopf,276,49,US,https://api.openalex.org/works?filter=author.id:A5081540617
A5014437029,Jana Lasser,117,15,AT,https://api.openalex.org/works?filter=author.id:A5014437029
A5032431129,Pedro Ramaciotti Morales,64,8,FR,https://api.openalex.org/works?filter=author.id:A5032431129
A5061941192,Priyanka Goonetilleke,5,2,US,https://api.openalex.org/works?filter=author.id:A5061941192
A5046226201,Bojan Simoski,14,4,NL,https://api.openalex.org/works?filter=author.id:A5046226201
A5009445587,Matt Bowden,134,8,IE,https://api.openalex.org/works?filter=author.id:A5009445587
A5023365550,Brendan O’Connor,284,51,US,https://api.openalex.org/works?filter=author.id:A5023365550
A5015237956,Matteo Mazzamurro,10,2,GB,https://api.openalex.org/works?filter=author.id:A5015237956
A5100399276,Han Zhang,3837,172,CN,https://api.openalex.org/works?filter=author.id:A5100399276
A5003768044,Valentín Vergara Hidd,3,1,US,https://api.openalex.org/works?filter=author.id:A5003768044
A5025564826,Negin Maddah,9,1,US,https://api.openalex.org/works?filter=author.id:A5025564826
A5100391619,Jisoo Kim,77,17,US,https://api.openalex.org/works?filter=author.id:A5100391619
A5079517520,Petter Holme,271,52,FI,https://api.openalex.org/works?filter=author.id:A5079517520
A5076193392,Brenda Curtis,145,25,US,https://api.openalex.org/works?filter=author.id:A5076193392
A5101694421,Andrew Gordon Wilson,236,48,US,https://api.openalex.org/works?filter=author.id:A5101694421
A5045494255,Kate Starbird,113,36,US,https://api.openalex.org/works?filter=author.id:A5045494255
A5075283583,Noshir Contractor,354,48,US,https://api.openalex.org/works?filter=author.id:A5075283583
A5055299231,Yang Huang,277,63,HK,https://api.openalex.org/works?filter=author.id:A5055299231
A5012739163,Haruhiko Tashiro,16,6,JP,https://api.openalex.org/works?filter=author.id:A5012739163
A5006566063,Donghyun Kang,40,12,KR,https://api.openalex.org/works?filter=author.id:A5006566063
A5012236452,Andrew Renninger,17,3,GB,https://api.openalex.org/works?filter=author.id:A5012236452
A5009187597,Yanna Krupnikov,197,29,US,https://api.openalex.org/works?filter=author.id:A5009187597
A5087362167,Junghyun Lim,75,19,KR,https://api.openalex.org/works?filter=author.id:A5087362167
A5101761867,Shengchun Huang,21,8,CN,https://api.openalex.org/works?filter=author.id:A5101761867
A5039092140,Madison K. Landry,1,1,US,https://api.openalex.org/works?filter=author.id:A5039092140
A5007289706,Juan Diego Porras-Alvarado,18,6,US,https://api.openalex.org/works?filter=author.id:A5007289706
A5068508539,Chris Callison-Burch,381,61,US,https://api.openalex.org/works?filter=author.id:A5068508539
A5052644159,Tanya Y. Tian,3,2,US,https://api.openalex.org/works?filter=author.id:A5052644159
A5081967253,Naim Bro,17,5,CL,https://api.openalex.org/works?filter=author.id:A5081967253
A5065476982,Benjamin Q. Huynh,37,14,US,https://api.openalex.org/works?filter=author.id:A5065476982
A5039940068,Charles Axelsson,4,4,IT,https://api.openalex.org/works?filter=author.id:A5039940068
A5024795472,Éric Gilbert,207,56,US,https://api.openalex.org/works?filter=author.id:A5024795472
A5005442951,Shanglin Yang,60,9,CN,https://api.openalex.org/works?filter=author.id:A5005442951
A5011732280,Masanori Takano,70,8,JP,https://api.openalex.org/works?filter=author.id:A5011732280
A5026949435,Zachary Robertson,22,6,,https://api.openalex.org/works?filter=author.id:A5026949435
A5074144967,Samuel Thomas Donahue,3,2,US,https://api.openalex.org/works?filter=author.id:A5074144967
A5088178289,Fiona Anting Tan,19,6,SG,https://api.openalex.org/works?filter=author.id:A5088178289
A5035791917,Michiel A. Bakker,51,16,GB,https://api.openalex.org/works?filter=author.id:A5035791917
A5040957572,Sebastian Stier,107,25,DE,https://api.openalex.org/works?filter=author.id:A5040957572
A5087854473,Negar Kamali,12,5,MA,https://api.openalex.org/works?filter=author.id:A5087854473
A5000868394,Eaman Jahani,38,10,US,https://api.openalex.org/works?filter=author.id:A5000868394
A5041252321,Stuart Soroka,282,55,US,https://api.openalex.org/works?filter=author.id:A5041252321
A5062842171,Shang‐Tian Yang,370,74,US,https://api.openalex.org/works?filter=author.id:A5062842171
A5007746083,Daniel G. Goldstein,236,53,,https://api.openalex.org/works?filter=author.id:A5007746083
A5088993890,Philip J. Cozzolino,23,14,US,https://api.openalex.org/works?filter=author.id:A5088993890
A5050716607,Zachary Horne,77,14,GB,https://api.openalex.org/works?filter=author.id:A5050716607
A5006241333,Benjamin Jones,569,46,US,https://api.openalex.org/works?filter=author.id:A5006241333
A5090663249,Diogo Pacheco,43,9,US,https://api.openalex.org/works?filter=author.id:A5090663249
A5082461253,Johan Bollen,167,39,US,https://api.openalex.org/works?filter=author.id:A5082461253
A5112309835,Pierre‐Yves Oudeyer,330,41,FR,https://api.openalex.org/works?filter=author.id:A5112309835
A5029104172,Alex Rutherford,53,13,DE,https://api.openalex.org/works?filter=author.id:A5029104172
A5026909061,Filipi Alexandre do Nascimento Silva,18,3,BR,https://api.openalex.org/works?filter=author.id:A5026909061
A5100385834,Yuxin Liu,82,30,SG,https://api.openalex.org/works?filter=author.id:A5100385834
A5070221432,Patrick Gildersleve,12,5,GB,https://api.openalex.org/works?filter=author.id:A5070221432
A5024307786,Miho Tanaka,273,35,JP,https://api.openalex.org/works?filter=author.id:A5024307786
A5022754313,Hause Lin,75,16,US,https://api.openalex.org/works?filter=author.id:A5022754313
A5002809454,Daniel A. McFarland,108,37,US,https://api.openalex.org/works?filter=author.id:A5002809454
A5027021407,Paul Bouchaud,14,3,FR,https://api.openalex.org/works?filter=author.id:A5027021407
A5032045336,Yue J. He,2,1,US,https://api.openalex.org/works?filter=author.id:A5032045336
A5007924006,Aria Pessianzadeh,2,1,US,https://api.openalex.org/works?filter=author.id:A5007924006
A5083437430,Camelia E. Hostinar,82,32,US,https://api.openalex.org/works?filter=author.id:A5083437430
A5033208803,Tom Theile,18,5,DE,https://api.openalex.org/works?filter=author.id:A5033208803
A5081689937,Hyunuk Kim,348,51,KR,https://api.openalex.org/works?filter=author.id:A5081689937
A5083334761,Derek Aguiar,38,9,US,https://api.openalex.org/works?filter=author.id:A5083334761
A5013303283,Chi-Hsiu Lu,1,1,TW,https://api.openalex.org/works?filter=author.id:A5013303283
A5006314379,Anastasia Kozyreva,37,13,DE,https://api.openalex.org/works?filter=author.id:A5006314379
A5080505346,Blue Lerner,4,2,US,https://api.openalex.org/works?filter=author.id:A5080505346
A5012994458,Ankita Gupta,203,20,IN,https://api.openalex.org/works?filter=author.id:A5012994458
A5067206551,Sebastiano Bontorin,11,3,IT,https://api.openalex.org/works?filter=author.id:A5067206551
A5068960692,Soroush Saghafian,111,21,US,https://api.openalex.org/works?filter=author.id:A5068960692
A5081114479,Likun Cao,25,13,CN,https://api.openalex.org/works?filter=author.id:A5081114479
A5044944954,Lyle Ungar,629,83,US,https://api.openalex.org/works?filter=author.id:A5044944954
A5018129441,Yasir Zaki,127,16,US,https://api.openalex.org/works?filter=author.id:A5018129441
A5011277325,Hideo Yasumoto,11,6,JP,https://api.openalex.org/works?filter=author.id:A5011277325
A5025745021,Hyejin Youn,55,18,CA,https://api.openalex.org/works?filter=author.id:A5025745021
A5024866661,Joshua Grossman,52,8,US,https://api.openalex.org/works?filter=author.id:A5024866661
A5088248579,Shahan Ali Memon,30,7,US,https://api.openalex.org/works?filter=author.id:A5088248579
A5089082846,Julia Witte Zimmerman,7,2,US,https://api.openalex.org/works?filter=author.id:A5089082846
A5013134790,Jun Luo,488,105,CN,https://api.openalex.org/works?filter=author.id:A5013134790
A5039072983,Aaron Schein,39,8,US,https://api.openalex.org/works?filter=author.id:A5039072983
A5101776956,Jiayi Zhu,144,28,CN,https://api.openalex.org/works?filter=author.id:A5101776956
A5016014168,Maxime Derex,42,15,FR,https://api.openalex.org/works?filter=author.id:A5016014168
A5043382223,Babak Hemmatian,31,4,US,https://api.openalex.org/works?filter=author.id:A5043382223
A5017688180,Julian Nyarko,48,9,US,https://api.openalex.org/works?filter=author.id:A5017688180
A5012939002,Myra Cheng,22,7,US,https://api.openalex.org/works?filter=author.id:A5012939002
A5079825006,Thomas W. Malone,245,60,US,https://api.openalex.org/works?filter=author.id:A5079825006
A5052717630,Hiroki Sayama,341,36,JP,https://api.openalex.org/works?filter=author.id:A5052717630
A5093136190,Melih Can Yardı,6,1,TR,https://api.openalex.org/works?filter=author.id:A5093136190
A5022685582,Georg Ahnert,4,1,DE,https://api.openalex.org/works?filter=author.id:A5022685582
A5012164081,Haoning Xue,15,4,US,https://api.openalex.org/works?filter=author.id:A5012164081
A5046036512,Kazutoshi Sasahara,128,16,JP,https://api.openalex.org/works?filter=author.id:A5046036512
A5102962995,Munmun De Choudhury,276,60,US,https://api.openalex.org/works?filter=author.id:A5102962995
A5088988677,Donghyeon Seo,5,3,KR,https://api.openalex.org/works?filter=author.id:A5088988677
A5002041772,Dashun Wang,158,34,US,https://api.openalex.org/works?filter=author.id:A5002041772
A5006251372,Jonas A. Schlicht,1,1,NL,https://api.openalex.org/works?filter=author.id:A5006251372
A5100685049,Hao Xu,111,34,US,https://api.openalex.org/works?filter=author.id:A5100685049
A5069298278,Davide Longo,10,4,GB,https://api.openalex.org/works?filter=author.id:A5069298278
A5053945884,Emma S. Spiro,82,24,US,https://api.openalex.org/works?filter=author.id:A5053945884
A5112067144,Xiaozhen Wu,53,19,CN,https://api.openalex.org/works?filter=author.id:A5112067144
A5010564893,Nathan TeBlunthuis,53,6,US,https://api.openalex.org/works?filter=author.id:A5010564893
A5056499434,David G. Rand,510,90,US,https://api.openalex.org/works?filter=author.id:A5056499434
A5073249931,Muhammad ElNokrashy,21,3,DE,https://api.openalex.org/works?filter=author.id:A5073249931
A5016665259,Ryo Sasaki,200,22,JP,https://api.openalex.org/works?filter=author.id:A5016665259
A5043131201,Misha Teplitskiy,49,11,US,https://api.openalex.org/works?filter=author.id:A5043131201
A5041299495,James W. Crissman,25,13,JP,https://api.openalex.org/works?filter=author.id:A5041299495
A5011168888,Homa Hosseinmardi,21,12,US,https://api.openalex.org/works?filter=author.id:A5011168888
A5063065481,Josephine Lukito,55,16,US,https://api.openalex.org/works?filter=author.id:A5063065481
A5050101991,Martin Hilbert,159,26,US,https://api.openalex.org/works?filter=author.id:A5050101991
A5091610280,Carl Colglazier,4,1,US,https://api.openalex.org/works?filter=author.id:A5091610280
A5112979870,Achim Edelmann,3,1,DE,https://api.openalex.org/works?filter=author.id:A5112979870
A5034406723,Luca Maria Aiello,228,36,IT,https://api.openalex.org/works?filter=author.id:A5034406723
A5054308726,Bernardo García Bulle Bueno,14,5,US,https://api.openalex.org/works?filter=author.id:A5054308726
A5028529542,Samantha C. Phillips,16,2,US,https://api.openalex.org/works?filter=author.id:A5028529542
A5079740733,Praveen Kumar,282,54,US,https://api.openalex.org/works?filter=author.id:A5079740733
A5087692270,Tom Griffiths,152,18,US,https://api.openalex.org/works?filter=author.id:A5087692270
A5112752610,Yilang Peng,34,11,US,https://api.openalex.org/works?filter=author.id:A5112752610
A5011455638,Stefania Ionescu,10,2,CH,https://api.openalex.org/works?filter=author.id:A5011455638
A5059969678,Liam Dugan,32,6,US,https://api.openalex.org/works?filter=author.id:A5059969678
A5023509726,Gian Maria Campedelli,65,12,IT,https://api.openalex.org/works?filter=author.id:A5023509726
A5079213654,Dilrukshi Gamage,50,14,JP,https://api.openalex.org/works?filter=author.id:A5079213654
A5073734735,Daniel Matter,30,8,DE,https://api.openalex.org/works?filter=author.id:A5073734735
A5087795032,Sadamori Kojaku,34,10,US,https://api.openalex.org/works?filter=author.id:A5087795032
A5034490805,Rahul Bhui,43,11,US,https://api.openalex.org/works?filter=author.id:A5034490805
A5067816317,Renée DiResta,54,15,US,https://api.openalex.org/works?filter=author.id:A5067816317
A5041202312,Isamar Troncoso,11,5,US,https://api.openalex.org/works?filter=author.id:A5041202312
A5101887016,Marjan Hosseini,24,8,IR,https://api.openalex.org/works?filter=author.id:A5101887016
A5100410733,Xiaohui Wang,606,67,CN,https://api.openalex.org/works?filter=author.id:A5100410733
A5003974631,Yuanyuan Wu,92,27,CN,https://api.openalex.org/works?filter=author.id:A5003974631
A5020702662,Tasuku Igarashi,80,12,JP,https://api.openalex.org/works?filter=author.id:A5020702662
A5114281370,Işık Topçu,1,1,TR,https://api.openalex.org/works?filter=author.id:A5114281370
A5100380042,Jiayu Chen,328,42,CN,https://api.openalex.org/works?filter=author.id:A5100380042
A5066187890,Andrea Passerini,239,28,IT,https://api.openalex.org/works?filter=author.id:A5066187890
A5068785814,Wakaba Tateishi,2,0,JP,https://api.openalex.org/works?filter=author.id:A5068785814
A5004596083,Fırat Duruşan,20,5,TR,https://api.openalex.org/works?filter=author.id:A5004596083
A5100429494,Wonjae Lee,149,20,KR,https://api.openalex.org/works?filter=author.id:A5100429494
A5011857931,Bhargav Srinivasa Desikan,20,6,CH,https://api.openalex.org/works?filter=author.id:A5011857931
A5025112887,Artem Kuriksha,5,2,US,https://api.openalex.org/works?filter=author.id:A5025112887
A5086524212,Danaë Metaxa,35,12,US,https://api.openalex.org/works?filter=author.id:A5086524212
A5091751818,Volker Stocker,74,8,DE,https://api.openalex.org/works?filter=author.id:A5091751818
A5113886631,Abigail L. Horn,25,8,US,https://api.openalex.org/works?filter=author.id:A5113886631
A5008606959,Maria Elizabeth Grabe,85,25,US,https://api.openalex.org/works?filter=author.id:A5008606959
A5046927655,Fabian Baumann,56,15,DE,https://api.openalex.org/works?filter=author.id:A5046927655
A5058732791,Andreas Bjerre-Nielsen,33,8,DK,https://api.openalex.org/works?filter=author.id:A5058732791
A5059953820,Bella Struminskaya,55,11,NL,https://api.openalex.org/works?filter=author.id:A5059953820
A5040250751,Xingyun Wu,10,6,CN,https://api.openalex.org/works?filter=author.id:A5040250751
A5002187701,Jaideep Srivastava,541,50,US,https://api.openalex.org/works?filter=author.id:A5002187701
A5065544460,Attila Varga,211,30,HU,https://api.openalex.org/works?filter=author.id:A5065544460
A5018646665,Hope Schroeder,7,2,US,https://api.openalex.org/works?filter=author.id:A5018646665
A5023926294,Allison Wan,2,0,US,https://api.openalex.org/works?filter=author.id:A5023926294
A5043985975,Yixin Dai,26,11,CN,https://api.openalex.org/works?filter=author.id:A5043985975
A5035107313,Joshua Garland,80,15,US,https://api.openalex.org/works?filter=author.id:A5035107313
A5066147862,Jen‐Hao Chen,95,25,TW,https://api.openalex.org/works?filter=author.id:A5066147862
A5100329996,Xi Chen,2106,102,CN,https://api.openalex.org/works?filter=author.id:A5100329996
A5043406907,Jiahong Yuan,104,22,CN,https://api.openalex.org/works?filter=author.id:A5043406907
A5082283204,Panayiotis Smeros,20,6,CH,https://api.openalex.org/works?filter=author.id:A5082283204
A5003701992,Emma Wang,6,3,US,https://api.openalex.org/works?filter=author.id:A5003701992
A5004065350,Yangwang Fang,76,9,CN,https://api.openalex.org/works?filter=author.id:A5004065350
A5073754797,Timothy M. LaPira,29,12,US,https://api.openalex.org/works?filter=author.id:A5073754797
A5056889621,Dan Svirsky,16,5,US,https://api.openalex.org/works?filter=author.id:A5056889621
A5004327296,Yangliu Fan,4,1,DK,https://api.openalex.org/works?filter=author.id:A5004327296
A5100334733,Yuan Yuan,1191,80,CN,https://api.openalex.org/works?filter=author.id:A5100334733
A5042789799,George Wood,7,6,US,https://api.openalex.org/works?filter=author.id:A5042789799
A5007166081,Ichiro Sakata,129,34,JP,https://api.openalex.org/works?filter=author.id:A5007166081
A5089384499,Matthew Edwards,185,45,US,https://api.openalex.org/works?filter=author.id:A5089384499
A5028932589,Akira Gotō,559,44,JP,https://api.openalex.org/works?filter=author.id:A5028932589
A5047413956,Levin Brinkmann,7,3,DE,https://api.openalex.org/works?filter=author.id:A5047413956
A5100406825,Xinxin Wang,249,33,CN,https://api.openalex.org/works?filter=author.id:A5100406825
A5020614234,Kehang Zhu,9,3,US,https://api.openalex.org/works?filter=author.id:A5020614234
A5072568295,Jeanine M. Buchanich,129,22,US,https://api.openalex.org/works?filter=author.id:A5072568295
A5101854927,Hazem Ibrahim,25,12,FI,https://api.openalex.org/works?filter=author.id:A5101854927
A5067319603,Reid McIlroy-Young,13,6,CA,https://api.openalex.org/works?filter=author.id:A5067319603
A5111253375,Min-heng Wang,2,1,US,https://api.openalex.org/works?filter=author.id:A5111253375
A5000725697,Joanna Strycharz,49,14,NL,https://api.openalex.org/works?filter=author.id:A5000725697
A5069671758,Ivano Bison,43,12,IT,https://api.openalex.org/works?filter=author.id:A5069671758
A5045607021,Calvin Isch,22,5,US,https://api.openalex.org/works?filter=author.id:A5045607021
A5058593348,Jared R. Curhan,65,18,US,https://api.openalex.org/works?filter=author.id:A5058593348
A5037923102,Niek C. de Schipper,11,5,NL,https://api.openalex.org/works?filter=author.id:A5037923102
A5085921946,Keyon Vafa,33,5,US,https://api.openalex.org/works?filter=author.id:A5085921946
A5081756270,Steven E. Finkel,83,36,US,https://api.openalex.org/works?filter=author.id:A5081756270
A5059223686,Riccardo Gallotti,80,19,IT,https://api.openalex.org/works?filter=author.id:A5059223686
A5077537901,David Joachim Grüning,129,9,DE,https://api.openalex.org/works?filter=author.id:A5077537901
A5040094074,Woo‐Sung Jung,170,25,KR,https://api.openalex.org/works?filter=author.id:A5040094074
A5074372343,Nobuhito Abe,137,27,JP,https://api.openalex.org/works?filter=author.id:A5074372343
A5070019023,Mengyi Sun,34,11,FI,https://api.openalex.org/works?filter=author.id:A5070019023
A5011919726,Oren Tsur,60,15,IL,https://api.openalex.org/works?filter=author.id:A5011919726
A5115084151,Inessa De Angelis,1,0,CA,https://api.openalex.org/works?filter=author.id:A5115084151
A5045331047,Hang Jiang,138,26,CN,https://api.openalex.org/works?filter=author.id:A5045331047
A5054348632,Ákos Huszár,31,5,HU,https://api.openalex.org/works?filter=author.id:A5054348632
A5100714698,Meiling Li,152,28,US,https://api.openalex.org/works?filter=author.id:A5100714698
A5066730320,J. Nathan Matias,63,13,US,https://api.openalex.org/works?filter=author.id:A5066730320
A5058457102,Ayan-Yue Gupta,22,2,GB,https://api.openalex.org/works?filter=author.id:A5058457102
A5040503702,Julia Hsin-Ping Hsu,2,0,US,https://api.openalex.org/works?filter=author.id:A5040503702
A5035084501,Jason C. Coronel,27,9,US,https://api.openalex.org/works?filter=author.id:A5035084501
A5026128402,Zituo Wang,7,4,US,https://api.openalex.org/works?filter=author.id:A5026128402
A5078665583,Isaac Slaughter,6,2,US,https://api.openalex.org/works?filter=author.id:A5078665583
A5070124321,Mark Lovett,3,2,US,https://api.openalex.org/works?filter=author.id:A5070124321
A5086011172,Agnieszka Czaplicka,19,7,DE,https://api.openalex.org/works?filter=author.id:A5086011172
A5021905307,Axel Peytavin,17,3,NL,https://api.openalex.org/works?filter=author.id:A5021905307
A5056524083,Pablo M. Flores,8,3,US,https://api.openalex.org/works?filter=author.id:A5056524083
A5086655976,Anne-Marie Nußberger,23,8,GB,https://api.openalex.org/works?filter=author.id:A5086655976
A5002746694,Ken J. Nixon,82,11,ZA,https://api.openalex.org/works?filter=author.id:A5002746694
A5112943904,Felix Patrick Sedgwick Wallis,1,0,GB,https://api.openalex.org/works?filter=author.id:A5112943904
A5107825540,Philippe Desprès,80,45,RE,https://api.openalex.org/works?filter=author.id:A5107825540
A5113279801,Szilvia Rudas,2,1,HU,https://api.openalex.org/works?filter=author.id:A5113279801
A5100393445,Yixin Chen,306,45,CN,https://api.openalex.org/works?filter=author.id:A5100393445
A5010879920,Mattia Samory,57,13,IT,https://api.openalex.org/works?filter=author.id:A5010879920
A5049679668,Ethan Zuckerman,78,20,US,https://api.openalex.org/works?filter=author.id:A5049679668
A5054574752,Kai‐Cheng Yang,122,20,US,https://api.openalex.org/works?filter=author.id:A5054574752
A5061970875,Sam Zhang,645,68,CN,https://api.openalex.org/works?filter=author.id:A5061970875
A5063223563,Paramveer S. Dhillon,69,17,US,https://api.openalex.org/works?filter=author.id:A5063223563
A5113461179,Jungmin Han,20,10,KR,https://api.openalex.org/works?filter=author.id:A5113461179
A5001887300,Mateusz Nurek,8,2,PL,https://api.openalex.org/works?filter=author.id:A5001887300
A5048877432,Bruno Lepri,345,47,IT,https://api.openalex.org/works?filter=author.id:A5048877432
A5028187016,Tom Wilson,266,29,AU,https://api.openalex.org/works?filter=author.id:A5028187016
A5046542764,Eric Malmi,84,21,US,https://api.openalex.org/works?filter=author.id:A5046542764
A5074486542,Eirliani Abdul Rahman,4,0,KE,https://api.openalex.org/works?filter=author.id:A5074486542
A5039966234,Francisco Barreras,24,3,US,https://api.openalex.org/works?filter=author.id:A5039966234
A5053835888,Aparna Ananthasubramaniam,15,3,US,https://api.openalex.org/works?filter=author.id:A5053835888
A5015171883,JungHwan Yang,61,16,US,https://api.openalex.org/works?filter=author.id:A5015171883
A5004488211,Jiacheng Huang,158,21,CN,https://api.openalex.org/works?filter=author.id:A5004488211
A5054123580,Heleen Janssen,30,10,NL,https://api.openalex.org/works?filter=author.id:A5054123580
A5075756309,Takahiro Yabe,91,19,US,https://api.openalex.org/works?filter=author.id:A5075756309
A5011195481,Manoel Horta Ribeiro,113,14,CH,https://api.openalex.org/works?filter=author.id:A5011195481
A5008373524,Trisevgeni Papakonstantinou,14,3,GB,https://api.openalex.org/works?filter=author.id:A5008373524
A5113036723,Mailun Zhang,2,1,US,https://api.openalex.org/works?filter=author.id:A5113036723
A5056247832,Chloe Ahn,4,3,US,https://api.openalex.org/works?filter=author.id:A5056247832
A5103986653,Debarati Das,28,10,IN,https://api.openalex.org/works?filter=author.id:A5103986653
A5032381602,Gabriella M. Harari,96,26,US,https://api.openalex.org/works?filter=author.id:A5032381602
A5028790767,Manita Jangid,16,3,IT,https://api.openalex.org/works?filter=author.id:A5028790767
A5051794103,Richard McElreath,259,54,DE,https://api.openalex.org/works?filter=author.id:A5051794103
A5029821479,Salvatore Giorgi,129,21,US,https://api.openalex.org/works?filter=author.id:A5029821479
A5006208781,Yu Zhou,308,57,CN,https://api.openalex.org/works?filter=author.id:A5006208781
A5074624254,Armin Shams,6,1,IE,https://api.openalex.org/works?filter=author.id:A5074624254
A5089413311,Diyi Yang,321,42,US,https://api.openalex.org/works?filter=author.id:A5089413311
A5006335513,Jinghui Chen,140,19,CN,https://api.openalex.org/works?filter=author.id:A5006335513
A5004671843,Leonor Maria Pacheco Santos,244,37,BR,https://api.openalex.org/works?filter=author.id:A5004671843
A5013327023,Munjung Kim,4,1,US,https://api.openalex.org/works?filter=author.id:A5013327023
A5055926787,Guangyuan Weng,34,5,CN,https://api.openalex.org/works?filter=author.id:A5055926787
A5077793804,Zhuoxin Lu,31,12,CN,https://api.openalex.org/works?filter=author.id:A5077793804
A5052536455,Mohsen Mosleh,100,25,US,https://api.openalex.org/works?filter=author.id:A5052536455
A5091158444,Louis M. Chu,102,25,US,https://api.openalex.org/works?filter=author.id:A5091158444
A5017534262,David A. Lagnado,253,41,GB,https://api.openalex.org/works?filter=author.id:A5017534262
A5087586854,Jisung Yoon,31,5,KR,https://api.openalex.org/works?filter=author.id:A5087586854
A5040192490,Arianna Pera,7,2,DK,https://api.openalex.org/works?filter=author.id:A5040192490
A5026721037,Jennifer Allen,77,24,DE,https://api.openalex.org/works?filter=author.id:A5026721037
A5010053907,Mohsen Bahrami,29,16,IR,https://api.openalex.org/works?filter=author.id:A5010053907
A5015670174,Masahiro Kazama,45,11,US,https://api.openalex.org/works?filter=author.id:A5015670174
A5027112658,Sijia Yang,75,16,CN,https://api.openalex.org/works?filter=author.id:A5027112658
A5067073060,Valerie Hase,45,10,DE,https://api.openalex.org/works?filter=author.id:A5067073060
A5111567842,Geoffrey B. West,296,59,US,https://api.openalex.org/works?filter=author.id:A5111567842
A5064591138,Angelita Repetto,4,1,US,https://api.openalex.org/works?filter=author.id:A5064591138
A5029882049,Scott A. Hale,203,28,GB,https://api.openalex.org/works?filter=author.id:A5029882049
A5024623417,Ross Dahlke,12,4,US,https://api.openalex.org/works?filter=author.id:A5024623417
A5030740380,Koichi Onoue,26,7,HK,https://api.openalex.org/works?filter=author.id:A5030740380
A5033787208,Sze-Yuh Nina Wang,8,4,US,https://api.openalex.org/works?filter=author.id:A5033787208
A5033543507,Baird Howland,6,4,US,https://api.openalex.org/works?filter=author.id:A5033543507
A5034550396,Brennan Klein,64,14,US,https://api.openalex.org/works?filter=author.id:A5034550396
A5067807487,Emma Pierson,103,23,US,https://api.openalex.org/works?filter=author.id:A5067807487
A5028165426,Mary Elizabeth Sutherland,36,7,CL,https://api.openalex.org/works?filter=author.id:A5028165426
A5047517174,Brooke Foucault Welles,75,20,US,https://api.openalex.org/works?filter=author.id:A5047517174
A5030115153,Unchitta Kan,10,2,US,https://api.openalex.org/works?filter=author.id:A5030115153
A5005775991,Xinlan Emily Hu,6,2,US,https://api.openalex.org/works?filter=author.id:A5005775991
A5076638374,Shun Kishimoto,120,19,US,https://api.openalex.org/works?filter=author.id:A5076638374
A5084148692,Elliot E. Pickens,2,1,GB,https://api.openalex.org/works?filter=author.id:A5084148692
A5011604176,Ozan Kuru,36,11,SG,https://api.openalex.org/works?filter=author.id:A5011604176
A5017683985,Qing Guan,53,18,CN,https://api.openalex.org/works?filter=author.id:A5017683985
A5038976962,Albert‐László Barabási,667,154,US,https://api.openalex.org/works?filter=author.id:A5038976962
A5104469176,Guillaume Falmagne,1,1,FR,https://api.openalex.org/works?filter=author.id:A5104469176
A5060834533,Ksenia Mukhina,56,8,EE,https://api.openalex.org/works?filter=author.id:A5060834533
A5038991027,Sam J. Maglio,70,21,CA,https://api.openalex.org/works?filter=author.id:A5038991027
A5015866712,Ekaterina Landgren,10,1,US,https://api.openalex.org/works?filter=author.id:A5015866712
A5064274071,David Kempe,192,44,US,https://api.openalex.org/works?filter=author.id:A5064274071
A5092972999,Elham Shamloo Aghakhani,1,1,IR,https://api.openalex.org/works?filter=author.id:A5092972999
A5100435139,Jingwen Zhang,401,47,CN,https://api.openalex.org/works?filter=author.id:A5100435139
A5104939473,Luigi Arminio,5,1,DK,https://api.openalex.org/works?filter=author.id:A5104939473
A5014435955,Sunny Rai,40,7,US,https://api.openalex.org/works?filter=author.id:A5014435955
A5025356846,Ishaan Gupta,100,18,IN,https://api.openalex.org/works?filter=author.id:A5025356846
A5016057473,Henrik Olsson,203,36,AT,https://api.openalex.org/works?filter=author.id:A5016057473
A5058051316,Oleg Urminsky,168,18,US,https://api.openalex.org/works?filter=author.id:A5058051316
A5076690603,Giulia Martini,200,28,IT,https://api.openalex.org/works?filter=author.id:A5076690603
A5100397455,Yang Yang,676,146,US,https://api.openalex.org/works?filter=author.id:A5100397455
A5103873055,Thomas H. Li,58,16,CN,https://api.openalex.org/works?filter=author.id:A5103873055
A5029768249,Yong Li,3641,80,CN,https://api.openalex.org/works?filter=author.id:A5029768249
A5020846103,Nanum Jeon,6,2,US,https://api.openalex.org/works?filter=author.id:A5020846103
A5089352715,Sebastián Felipe Villamizar-Santamaría,20,4,US,https://api.openalex.org/works?filter=author.id:A5089352715
A5075302056,Mona Sloane,50,9,US,https://api.openalex.org/works?filter=author.id:A5075302056
A5072186861,Carolina Coimbra Vieira,21,4,DE,https://api.openalex.org/works?filter=author.id:A5072186861
A5010577211,Dehao Zhang,2,1,CN,https://api.openalex.org/works?filter=author.id:A5010577211
A5037938374,Alessandro Piazza,85,18,IT,https://api.openalex.org/works?filter=author.id:A5037938374
A5005421447,Yi Yang,1157,130,CN,https://api.openalex.org/works?filter=author.id:A5005421447
A5042355795,Matthew Groh,61,15,US,https://api.openalex.org/works?filter=author.id:A5042355795
A5112115078,Runsheng Huang,59,12,CN,https://api.openalex.org/works?filter=author.id:A5112115078
A5016589479,Luca Rossi,222,28,IT,https://api.openalex.org/works?filter=author.id:A5016589479
A5022729086,Bijin Joseph,5,2,IN,https://api.openalex.org/works?filter=author.id:A5022729086
A5071586190,Tiziano Piccardi,56,9,US,https://api.openalex.org/works?filter=author.id:A5071586190
A5005121779,Daniel Rock,25,14,US,https://api.openalex.org/works?filter=author.id:A5005121779
A5041494411,Eugene Jang,46,17,US,https://api.openalex.org/works?filter=author.id:A5041494411
A5031039880,Kristina Gligorić,52,9,US,https://api.openalex.org/works?filter=author.id:A5031039880
A5006559598,David M. Kent,441,67,US,https://api.openalex.org/works?filter=author.id:A5006559598
A5057083249,Michelle Vaccaro,8,3,US,https://api.openalex.org/works?filter=author.id:A5057083249
A5074089902,Saskia de Pee,230,49,IT,https://api.openalex.org/works?filter=author.id:A5074089902
A5015080044,Sune Lehmann,213,43,DK,https://api.openalex.org/works?filter=author.id:A5015080044
A5063365763,Yukun Yang,91,28,CN,https://api.openalex.org/works?filter=author.id:A5063365763
A5063837575,Przemyslaw A. Grabowicz,53,13,US,https://api.openalex.org/works?filter=author.id:A5063837575
A5102318346,Xueyan Gao,47,11,CN,https://api.openalex.org/works?filter=author.id:A5102318346
A5082554858,Akira Matsui,637,53,JP,https://api.openalex.org/works?filter=author.id:A5082554858
A5025211180,Andrea Forte,150,32,US,https://api.openalex.org/works?filter=author.id:A5025211180
A5033574079,Piotr Sapieżyński,63,20,US,https://api.openalex.org/works?filter=author.id:A5033574079
A5067333764,Firman M. Firmansyah,21,6,US,https://api.openalex.org/works?filter=author.id:A5067333764
A5101922300,Stephanie Wang,69,11,US,https://api.openalex.org/works?filter=author.id:A5101922300
A5074705403,Sagar Kumar,49,10,PK,https://api.openalex.org/works?filter=author.id:A5074705403
A5011820318,Cynthia Dwork,257,76,IN,https://api.openalex.org/works?filter=author.id:A5011820318
A5060864902,Atom Sonoda,11,2,JP,https://api.openalex.org/works?filter=author.id:A5060864902
A5003148044,Max Song,1,1,HK,https://api.openalex.org/works?filter=author.id:A5003148044
A5028191957,Junsol Kim,15,5,US,https://api.openalex.org/works?filter=author.id:A5028191957
A5036535243,Burak Özturan,30,4,TR,https://api.openalex.org/works?filter=author.id:A5036535243
A5112838150,Badr AlKhamissi,35,7,CH,https://api.openalex.org/works?filter=author.id:A5112838150
A5026370090,Zack W. Almquist,77,15,US,https://api.openalex.org/works?filter=author.id:A5026370090
A5011056883,Jessica Bo Li Lu,32,11,US,https://api.openalex.org/works?filter=author.id:A5011056883
A5002658913,Yair Rubinstein,7,4,IL,https://api.openalex.org/works?filter=author.id:A5002658913
A5091272738,Jure Leskovec,662,138,US,https://api.openalex.org/works?filter=author.id:A5091272738
A5003636926,Do Won Kim,226,25,KR,https://api.openalex.org/works?filter=author.id:A5003636926
A5062726415,Frederik Riedel,7,4,DE,https://api.openalex.org/works?filter=author.id:A5062726415
A5082294805,Martin Saveski,37,11,US,https://api.openalex.org/works?filter=author.id:A5082294805
A5048428275,Joshua Ashkinaze,8,2,US,https://api.openalex.org/works?filter=author.id:A5048428275
A5017332030,Alina Herderich,9,3,AT,https://api.openalex.org/works?filter=author.id:A5017332030
A5079709359,Juho Kim,307,28,KR,https://api.openalex.org/works?filter=author.id:A5079709359
A5001097796,Rajvardhan Oak,27,11,US,https://api.openalex.org/works?filter=author.id:A5001097796
A5012811021,Fabio Carrella,15,3,GB,https://api.openalex.org/works?filter=author.id:A5012811021
A5065317288,Rukun Zhang,3,2,CN,https://api.openalex.org/works?filter=author.id:A5065317288
A5021327158,Michal Monselise,14,5,US,https://api.openalex.org/works?filter=author.id:A5021327158
A5106620976,Yujin Potter,4,2,US,https://api.openalex.org/works?filter=author.id:A5106620976
A5089504371,Saumya Bhadani,5,5,US,https://api.openalex.org/works?filter=author.id:A5089504371
A5017708876,Katherine Van Koevering,10,2,US,https://api.openalex.org/works?filter=author.id:A5017708876
A5100322712,Yan Wang,1837,69,CN,https://api.openalex.org/works?filter=author.id:A5100322712
A5075221940,Jonathan Stray,34,10,US,https://api.openalex.org/works?filter=author.id:A5075221940
A5046987803,Haohan Shi,3,2,GB,https://api.openalex.org/works?filter=author.id:A5046987803
A5081008532,Daniele Quercia,296,43,GB,https://api.openalex.org/works?filter=author.id:A5081008532
A5022747234,Chaoqun Ni,63,19,US,https://api.openalex.org/works?filter=author.id:A5022747234
A5092887068,Jordan Llorin,9,2,US,https://api.openalex.org/works?filter=author.id:A5092887068
A5066590082,Ryo Adachi,3,3,JP,https://api.openalex.org/works?filter=author.id:A5066590082
A5108514130,Natalie A Castro,1,1,AU,https://api.openalex.org/works?filter=author.id:A5108514130
A5037838698,Anna‐Carolina Haensch,30,4,DE,https://api.openalex.org/works?filter=author.id:A5037838698
A5009232244,Iyad Rahwan,332,44,DE,https://api.openalex.org/works?filter=author.id:A5009232244
A5006695988,Julian Kohne,10,4,DE,https://api.openalex.org/works?filter=author.id:A5006695988
A5057862739,Kerri Milita,40,6,US,https://api.openalex.org/works?filter=author.id:A5057862739
A5015377066,Zachary T. P. Fried,16,4,US,https://api.openalex.org/works?filter=author.id:A5015377066
A5053550738,Qingxing Dong,19,10,CN,https://api.openalex.org/works?filter=author.id:A5053550738
A5101456958,Dhruv Gupta,55,9,IN,https://api.openalex.org/works?filter=author.id:A5101456958
A5067094699,Kimitaka Asatani,52,7,JP,https://api.openalex.org/works?filter=author.id:A5067094699
A5014647140,Aaron Clauset,284,48,US,https://api.openalex.org/works?filter=author.id:A5014647140
A5070753993,Maximilian Schich,48,9,EE,https://api.openalex.org/works?filter=author.id:A5070753993
A5038158438,Yannick Thams,24,9,US,https://api.openalex.org/works?filter=author.id:A5038158438
A5078974283,Apostolos Fasianos,26,8,GB,https://api.openalex.org/works?filter=author.id:A5078974283
A5047948208,Sky CH-Wang,17,3,US,https://api.openalex.org/works?filter=author.id:A5047948208
A5111578200,Harsh Kumar,322,35,IN,https://api.openalex.org/works?filter=author.id:A5111578200
A5102011813,Yu Ding,159,51,CN,https://api.openalex.org/works?filter=author.id:A5102011813
A5069999998,Mark E. Whiting,45,14,US,https://api.openalex.org/works?filter=author.id:A5069999998
A5017229269,Kathryn Stanton,10,2,US,https://api.openalex.org/works?filter=author.id:A5017229269
A5026429870,Jad Kabbara,29,4,US,https://api.openalex.org/works?filter=author.id:A5026429870
A5101912513,Pei‐Ying Chen,19,8,CN,https://api.openalex.org/works?filter=author.id:A5101912513
A5045405023,Xining Liao,5,4,CN,https://api.openalex.org/works?filter=author.id:A5045405023
A5078686603,Jeremiah Osborne‐Gowey,26,5,US,https://api.openalex.org/works?filter=author.id:A5078686603
A5034482740,Mark Mets,7,2,EE,https://api.openalex.org/works?filter=author.id:A5034482740
A5054806059,Qiusi Sun,8,6,US,https://api.openalex.org/works?filter=author.id:A5054806059
A5015651100,Antoine Vendeville,17,4,FR,https://api.openalex.org/works?filter=author.id:A5015651100
A5109934997,John Diaz,7,5,FR,https://api.openalex.org/works?filter=author.id:A5109934997
A5063445465,Drew Dimmery,35,6,US,https://api.openalex.org/works?filter=author.id:A5063445465
A5019426968,Dawn Song,532,117,US,https://api.openalex.org/works?filter=author.id:A5019426968
A5073879118,Ilaria Lauzana,2,2,CH,https://api.openalex.org/works?filter=author.id:A5073879118
A5002709735,Fred Morstatter,189,34,US,https://api.openalex.org/works?filter=author.id:A5002709735
A5058408154,Daniel E. Ho,229,31,US,https://api.openalex.org/works?filter=author.id:A5058408154
A5041120433,Zheng‐Xiang Li,487,100,CN,https://api.openalex.org/works?filter=author.id:A5041120433
A5083807006,Sangyeon Kim,42,9,KR,https://api.openalex.org/works?filter=author.id:A5083807006
A5081725440,Tobias Schmidt,84,35,DE,https://api.openalex.org/works?filter=author.id:A5081725440
A5053938061,Santo Fortunato,208,58,US,https://api.openalex.org/works?filter=author.id:A5053938061
A5059509038,Silvia Giordano,551,74,IT,https://api.openalex.org/works?filter=author.id:A5059509038
A5030641600,Babak Heydari,97,20,MX,https://api.openalex.org/works?filter=author.id:A5030641600
A5100442044,Tingting Liu,420,45,CN,https://api.openalex.org/works?filter=author.id:A5100442044
A5093108990,Una Joh,1,1,US,https://api.openalex.org/works?filter=author.id:A5093108990
A5046212819,James K. He,2,0,GB,https://api.openalex.org/works?filter=author.id:A5046212819
A5051257652,Siddharth Suri,101,37,US,https://api.openalex.org/works?filter=author.id:A5051257652
A5041387793,Joseph Olson,71,11,US,https://api.openalex.org/works?filter=author.id:A5041387793
A5061837561,Ivan Burkov,14,3,RU,https://api.openalex.org/works?filter=author.id:A5061837561
A5111338882,Linda Hong Cheng,1,1,HK,https://api.openalex.org/works?filter=author.id:A5111338882
A5026230453,Samuel V. Scarpino,166,41,US,https://api.openalex.org/works?filter=author.id:A5026230453
A5068866693,Levi Kaplan,7,4,US,https://api.openalex.org/works?filter=author.id:A5068866693
A5004836032,Tong Lin,335,76,CN,https://api.openalex.org/works?filter=author.id:A5004836032
A5079914638,Feng Fu,617,54,CN,https://api.openalex.org/works?filter=author.id:A5079914638
A5087116106,Suhyeon Yoo,15,3,CA,https://api.openalex.org/works?filter=author.id:A5087116106
A5054913386,Adam J. Berinsky,214,41,US,https://api.openalex.org/works?filter=author.id:A5054913386
A5049693274,Masahiro Kuwahara,41,6,JP,https://api.openalex.org/works?filter=author.id:A5049693274
A5056041083,Ozgur Can Seckin,7,2,US,https://api.openalex.org/works?filter=author.id:A5056041083
A5060246883,Sepideh Khalafi,4,3,IR,https://api.openalex.org/works?filter=author.id:A5060246883
A5040483533,Eduardo López‐Collazo,191,42,ES,https://api.openalex.org/works?filter=author.id:A5040483533
A5044856388,Elizabeth T. Chin,52,17,US,https://api.openalex.org/works?filter=author.id:A5044856388
A5021346979,Filippo Menczer,670,75,US,https://api.openalex.org/works?filter=author.id:A5021346979
A5054351096,Lin Gan,278,57,CN,https://api.openalex.org/works?filter=author.id:A5054351096
A5045528962,Jeffrey T. Hancock,330,67,US,https://api.openalex.org/works?filter=author.id:A5045528962
A5041253633,Ali Hürriyetoğlu,72,12,TR,https://api.openalex.org/works?filter=author.id:A5041253633
A5023061106,Cristina Sarasua,49,12,CH,https://api.openalex.org/works?filter=author.id:A5023061106
A5002575847,Angelina Wang,40,12,US,https://api.openalex.org/works?filter=author.id:A5002575847
A5008805047,Martin Gerlach,65,16,US,https://api.openalex.org/works?filter=author.id:A5008805047
A5006991081,Ryan S. McGinnis,129,27,US,https://api.openalex.org/works?filter=author.id:A5006991081
A5048274255,Yuki Sasamoto,16,4,JP,https://api.openalex.org/works?filter=author.id:A5048274255
A5032369426,Takeshi Sakaki,67,12,JP,https://api.openalex.org/works?filter=author.id:A5032369426
A5041649856,Calvin Yixiang Cheng,8,3,GB,https://api.openalex.org/works?filter=author.id:A5041649856
A5036322364,Soham De,92,24,IN,https://api.openalex.org/works?filter=author.id:A5036322364
A5010646067,Sharath Chandra Guntuku,170,32,US,https://api.openalex.org/works?filter=author.id:A5010646067
A5086210260,Nicole Schwitter,17,3,DE,https://api.openalex.org/works?filter=author.id:A5086210260
A5039712245,Sanjay Kairam,25,13,US,https://api.openalex.org/works?filter=author.id:A5039712245
A5024552529,Katarzyna Musial-Gabrys,27,6,AU,https://api.openalex.org/works?filter=author.id:A5024552529
A5076189854,Michael S. Bernstein,280,64,US,https://api.openalex.org/works?filter=author.id:A5076189854
A5046445911,Serina Chang,27,9,US,https://api.openalex.org/works?filter=author.id:A5046445911
A5020790791,Samar Haider,7,3,US,https://api.openalex.org/works?filter=author.id:A5020790791
A5110749191,Kevin Zheng Zhou,170,51,HK,https://api.openalex.org/works?filter=author.id:A5110749191
A5001994692,Esin Durmus,56,21,US,https://api.openalex.org/works?filter=author.id:A5001994692
A5037009852,Yang Zou,96,38,CN,https://api.openalex.org/works?filter=author.id:A5037009852
A5089890523,Anubhab Das,9,4,IN,https://api.openalex.org/works?filter=author.id:A5089890523
A5015797850,Nabeel Gillani,37,10,US,https://api.openalex.org/works?filter=author.id:A5015797850
A5100376896,Minghui Wang,435,63,US,https://api.openalex.org/works?filter=author.id:A5100376896
A5100427314,Bin Chen,611,80,US,https://api.openalex.org/works?filter=author.id:A5100427314
A5027363334,Chu Jie Jiessie Tie,1,1,CA,https://api.openalex.org/works?filter=author.id:A5027363334
A5061836283,Lucas Gautheron,14,4,DE,https://api.openalex.org/works?filter=author.id:A5061836283
A5104878067,Ibrahim Enes Atac,1,0,US,https://api.openalex.org/works?filter=author.id:A5104878067
A5048880362,Tianji Cai,74,17,MO,https://api.openalex.org/works?filter=author.id:A5048880362
A5071102460,Jon Benedik Bunquin,7,1,US,https://api.openalex.org/works?filter=author.id:A5071102460
A5101725906,Libo Wu,58,23,CN,https://api.openalex.org/works?filter=author.id:A5101725906
A5037708423,Yphtach Lelkes,179,32,US,https://api.openalex.org/works?filter=author.id:A5037708423
A5103874297,Tomonori Takahashi,42,10,US,https://api.openalex.org/works?filter=author.id:A5103874297
A5059305420,Toshio Murase,230,41,JP,https://api.openalex.org/works?filter=author.id:A5059305420
A5042920909,Fernando Chirigati,90,16,US,https://api.openalex.org/works?filter=author.id:A5042920909
A5049119318,Chung‐hong Chan,100,19,DE,https://api.openalex.org/works?filter=author.id:A5049119318
A5020533147,Gordon Pennycook,259,67,US,https://api.openalex.org/works?filter=author.id:A5020533147
A5063652311,Mitsuo Yoshida,379,29,JP,https://api.openalex.org/works?filter=author.id:A5063652311
A5066288697,Nathan Bartley,16,6,US,https://api.openalex.org/works?filter=author.id:A5066288697
A5069053848,Moritz Willig,12,3,DE,https://api.openalex.org/works?filter=author.id:A5069053848
A5021142594,Sayuri Kohmura,8,2,JP,https://api.openalex.org/works?filter=author.id:A5021142594
A5024087833,Colin F. Camerer,498,116,US,https://api.openalex.org/works?filter=author.id:A5024087833
A5086501120,Fernanda Ferreira,239,56,US,https://api.openalex.org/works?filter=author.id:A5086501120
A5081429241,Jake M. Hofman,76,29,,https://api.openalex.org/works?filter=author.id:A5081429241
A5015623077,Kazuki Fujikawa,9,5,JP,https://api.openalex.org/works?filter=author.id:A5015623077
A5040974039,Jacob Aarup Dalsgaard,4,3,DK,https://api.openalex.org/works?filter=author.id:A5040974039
A5062168541,Neil Fasching,10,4,US,https://api.openalex.org/works?filter=author.id:A5062168541
A5092493862,Daniel Verdi do Amarante,2,1,US,https://api.openalex.org/works?filter=author.id:A5092493862
A5010530596,Krisztián Boros,7,1,HU,https://api.openalex.org/works?filter=author.id:A5010530596
A5073708257,Nari Yoo,21,4,US,https://api.openalex.org/works?filter=author.id:A5073708257
A5067417895,Vasiliki Voukelatou,6,4,GR,https://api.openalex.org/works?filter=author.id:A5067417895
A5031952531,Matthieu Latapy,209,30,FR,https://api.openalex.org/works?filter=author.id:A5031952531
A5036505053,Jericho McLeod,1,1,US,https://api.openalex.org/works?filter=author.id:A5036505053
A5043162191,Kevin Tang,108,22,DE,https://api.openalex.org/works?filter=author.id:A5043162191
A5060905224,Rachel Kornfield,93,26,US,https://api.openalex.org/works?filter=author.id:A5060905224
A5114526119,Mingyue Zha,5,0,GB,https://api.openalex.org/works?filter=author.id:A5114526119
A5067134501,Subhayan Mukerjee,29,8,SG,https://api.openalex.org/works?filter=author.id:A5067134501
A5026032450,Marina Martínez-García,20,10,US,https://api.openalex.org/works?filter=author.id:A5026032450
A5013508523,Thomas Davidson,45,13,US,https://api.openalex.org/works?filter=author.id:A5013508523
A5030406488,Shelby Grossman,77,8,US,https://api.openalex.org/works?filter=author.id:A5030406488
A5057805246,Tristram J. Alexander,113,25,AU,https://api.openalex.org/works?filter=author.id:A5057805246
